STRUCTURE,STRUCTURE_ID,STRUCTURE_NAME,ACTION,REF_AREA,Reference area,FREQ,Frequency of observation,METHODOLOGY,Methodology,MEASURE,Measure,UNIT_MEASURE,Unit of measure,EXPENDITURE,Expenditure,ADJUSTMENT,Adjustment,TRANSFORMATION,Transformation,TIME_PERIOD,Time period,OBS_VALUE,Observation value,OBS_STATUS,Observation status,UNIT_MULT,Unit multiplier,BASE_PER,Base period,DURABILITY,Durability,DECIMALS,Decimals
DATAFLOW,OECD.SDD.TPS:DSD_G20_PRICES@DF_G20_PRICES(1.0),"G20 - Consumer price indices, all items",I,ZAF,South Africa,M,Monthly,N,National,CPI,Consumer price index,PA,Percent per annum,_T,Total,N,Neither seasonally adjusted nor calendar adjusted,GY,"Growth rate, over 1 year",2024-09,,3.73444,,A,Normal value,0,Units,,,,,1,One
DATAFLOW,OECD.SDD.TPS:DSD_G20_PRICES@DF_G20_PRICES(1.0),"G20 - Consumer price indices, all items",I,ZAF,South Africa,M,Monthly,N,National,CPI,Consumer price index,PA,Percent per annum,_T,Total,N,Neither seasonally adjusted nor calendar adjusted,GY,"Growth rate, over 1 year",2024-10,,2.774923,,A,Normal value,0,Units,,,,,1,One
DATAFLOW,OECD.SDD.TPS:DSD_G20_PRICES@DF_G20_PRICES(1.0),"G20 - Consumer price indices, all items",I,ZAF,South Africa,M,Monthly,N,National,CPI,Consumer price index,PA,Percent per annum,_T,Total,N,Neither seasonally adjusted nor calendar adjusted,GY,"Growth rate, over 1 year",2024-11,,2.777778,,A,Normal value,0,Units,,,,,1,One
DATAFLOW,OECD.SDD.TPS:DSD_G20_PRICES@DF_G20_PRICES(1.0),"G20 - Consumer price indices, all items",I,ZAF,South Africa,M,Monthly,N,National,CPI,Consumer price index,PA,Percent per annum,_T,Total,N,Neither seasonally adjusted nor calendar adjusted,GY,"Growth rate, over 1 year",2024-12,,2.880658,,A,Normal value,0,Units,,,,,1,One
DATAFLOW,OECD.SDD.TPS:DSD_G20_PRICES@DF_G20_PRICES(1.0),"G20 - Consumer price indices, all items",I,ZAF,South Africa,M,Monthly,N,National,CPI,Consumer price index,PA,Percent per annum,_T,Total,N,Neither seasonally adjusted nor calendar adjusted,GY,"Growth rate, over 1 year",2025-01,,3.083248,,A,Normal value,0,Units,,,,,1,One
DATAFLOW,OECD.SDD.TPS:DSD_G20_PRICES@DF_G20_PRICES(1.0),"G20 - Consumer price indices, all items",I,G20,G20,M,Monthly,N,National,CPI,Consumer price index,PA,Percent per annum,_T,Total,N,Neither seasonally adjusted nor calendar adjusted,GY,"Growth rate, over 1 year",2024-09,,6.007275,,A,Normal value,0,Units,,,,,1,One
DATAFLOW,OECD.SDD.TPS:DSD_G20_PRICES@DF_G20_PRICES(1.0),"G20 - Consumer price indices, all items",I,G20,G20,M,Monthly,N,National,CPI,Consumer price index,PA,Percent per annum,_T,Total,N,Neither seasonally adjusted nor calendar adjusted,GY,"Growth rate, over 1 year",2024-10,,5.945561,,A,Normal value,0,Units,,,,,1,One
DATAFLOW,OECD.SDD.TPS:DSD_G20_PRICES@DF_G20_PRICES(1.0),"G20 - Consumer price indices, all items",I,G20,G20,M,Monthly,N,National,CPI,Consumer price index,PA,Percent per annum,_T,Total,N,Neither seasonally adjusted nor calendar adjusted,GY,"Growth rate, over 1 year",2024-11,,5.684373,,A,Normal value,0,Units,,,,,1,One
DATAFLOW,OECD.SDD.TPS:DSD_G20_PRICES@DF_G20_PRICES(1.0),"G20 - Consumer price indices, all items",I,G20,G20,M,Monthly,N,National,CPI,Consumer price index,PA,Percent per annum,_T,Total,N,Neither seasonally adjusted nor calendar adjusted,GY,"Growth rate, over 1 year",2024-12,,5.036914,,A,Normal value,0,Units,,,,,1,One
DATAFLOW,OECD.SDD.TPS:DSD_G20_PRICES@DF_G20_PRICES(1.0),"G20 - Consumer price indices, all items",I,G20,G20,M,Monthly,N,National,CPI,Consumer price index,PA,Percent per annum,_T,Total,N,Neither seasonally adjusted nor calendar adjusted,GY,"Growth rate, over 1 year",2025-01,,4.84849,,A,Normal value,0,Units,,,,,1,One
DATAFLOW,OECD.SDD.TPS:DSD_G20_PRICES@DF_G20_PRICES(1.0),"G20 - Consumer price indices, all items",I,G20,G20,M,Monthly,N,National,CPI,Consumer price index,PA,Percent per annum,_T,Total,N,Neither seasonally adjusted nor calendar adjusted,GY,"Growth rate, over 1 year",2025-02,,4.281624,,A,Normal value,0,Units,,,,,1,One
DATAFLOW,OECD.SDD.TPS:DSD_G20_PRICES@DF_G20_PRICES(1.0),"G20 - Consumer price indices, all items",I,G20,G20,M,Monthly,N,National,CPI,Consumer price index,PA,Percent per annum,_T,Total,N,Neither seasonally adjusted nor calendar adjusted,GY,"Growth rate, over 1 year",2025-03,,4.20957,,A,Normal value,0,Units,,,,,1,One
DATAFLOW,OECD.SDD.TPS:DSD_G20_PRICES@DF_G20_PRICES(1.0),"G20 - Consumer price indices, all items",I,G20,G20,M,Monthly,N,National,CPI,Consumer price index,PA,Percent per annum,_T,Total,N,Neither seasonally adjusted nor calendar adjusted,GY,"Growth rate, over 1 year",2025-04,,4.087689,,A,Normal value,0,Units,,,,,1,One
DATAFLOW,OECD.SDD.TPS:DSD_G20_PRICES@DF_G20_PRICES(1.0),"G20 - Consumer price indices, all items",I,G20,G20,M,Monthly,N,National,CPI,Consumer price index,PA,Percent per annum,_T,Total,N,Neither seasonally adjusted nor calendar adjusted,GY,"Growth rate, over 1 year",2025-05,,3.921393,,A,Normal value,0,Units,,,,,1,One
DATAFLOW,OECD.SDD.TPS:DSD_G20_PRICES@DF_G20_PRICES(1.0),"G20 - Consumer price indices, all items",I,G20,G20,M,Monthly,N,National,CPI,Consumer price index,PA,Percent per annum,_T,Total,N,Neither seasonally adjusted nor calendar adjusted,GY,"Growth rate, over 1 year",2025-06,,3.925093,,A,Normal value,0,Units,,,,,1,One
DATAFLOW,OECD.SDD.TPS:DSD_G20_PRICES@DF_G20_PRICES(1.0),"G20 - Consumer price indices, all items",I,G20,G20,M,Monthly,N,National,CPI,Consumer price index,PA,Percent per annum,_T,Total,N,Neither seasonally adjusted nor calendar adjusted,GY,"Growth rate, over 1 year",2025-07,,3.815479,,A,Normal value,0,Units,,,,,1,One
DATAFLOW,OECD.SDD.TPS:DSD_G20_PRICES@DF_G20_PRICES(1.0),"G20 - Consumer price indices, all items",I,G20,G20,M,Monthly,N,National,CPI,Consumer price index,PA,Percent per annum,_T,Total,N,Neither seasonally adjusted nor calendar adjusted,GY,"Growth rate, over 1 year",2025-08,,3.747998,,A,Normal value,0,Units,,,,,1,One
DATAFLOW,OECD.SDD.TPS:DSD_G20_PRICES@DF_G20_PRICES(1.0),"G20 - Consumer price indices, all items",I,IND,India,M,Monthly,N,National,CPI,Consumer price index,PA,Percent per annum,_T,Total,N,Neither seasonally adjusted nor calendar adjusted,GY,"Growth rate, over 1 year",2025-08,,3.15568,,A,Normal value,0,Units,,,,,1,One
DATAFLOW,OECD.SDD.TPS:DSD_G20_PRICES@DF_G20_PRICES(1.0),"G20 - Consumer price indices, all items",I,BRA,Brazil,M,Monthly,N,National,CPI,Consumer price index,PA,Percent per annum,_T,Total,N,Neither seasonally adjusted nor calendar adjusted,GY,"Growth rate, over 1 year",2025-03,,5.477251,,A,Normal value,0,Units,,,,,1,One
DATAFLOW,OECD.SDD.TPS:DSD_G20_PRICES@DF_G20_PRICES(1.0),"G20 - Consumer price indices, all items",I,SAU,Saudi Arabia,M,Monthly,N,National,CPI,Consumer price index,PA,Percent per annum,_T,Total,N,Neither seasonally adjusted nor calendar adjusted,GY,"Growth rate, over 1 year",2025-03,,2.325161,,A,Normal value,0,Units,,,,,1,One
DATAFLOW,OECD.SDD.TPS:DSD_G20_PRICES@DF_G20_PRICES(1.0),"G20 - Consumer price indices, all items",I,AUS,Australia,M,Monthly,N,National,CPI,Consumer price index,PA,Percent per annum,_T,Total,N,Neither seasonally adjusted nor calendar adjusted,GY,"Growth rate, over 1 year",2024-11,,2.424688,,A,Normal value,0,Units,,,,,1,One
DATAFLOW,OECD.SDD.TPS:DSD_G20_PRICES@DF_G20_PRICES(1.0),"G20 - Consumer price indices, all items",I,AUS,Australia,M,Monthly,N,National,CPI,Consumer price index,PA,Percent per annum,_T,Total,N,Neither seasonally adjusted nor calendar adjusted,GY,"Growth rate, over 1 year",2025-02,,2.401747,,A,Normal value,0,Units,,,,,1,One
DATAFLOW,OECD.SDD.TPS:DSD_G20_PRICES@DF_G20_PRICES(1.0),"G20 - Consumer price indices, all items",I,AUS,Australia,M,Monthly,N,National,CPI,Consumer price index,PA,Percent per annum,_T,Total,N,Neither seasonally adjusted nor calendar adjusted,GY,"Growth rate, over 1 year",2025-05,,2.089337,,A,Normal value,0,Units,,,,,1,One
DATAFLOW,OECD.SDD.TPS:DSD_G20_PRICES@DF_G20_PRICES(1.0),"G20 - Consumer price indices, all items",I,CAN,Canada,M,Monthly,N,National,CPI,Consumer price index,PA,Percent per annum,_T,Total,N,Neither seasonally adjusted nor calendar adjusted,GY,"Growth rate, over 1 year",2024-09,,1.640379,,A,Normal value,0,Units,,,,,1,One
DATAFLOW,OECD.SDD.TPS:DSD_G20_PRICES@DF_G20_PRICES(1.0),"G20 - Consumer price indices, all items",I,CAN,Canada,M,Monthly,N,National,CPI,Consumer price index,PA,Percent per annum,_T,Total,N,Neither seasonally adjusted nor calendar adjusted,GY,"Growth rate, over 1 year",2024-10,,2.017654,,A,Normal value,0,Units,,,,,1,One
DATAFLOW,OECD.SDD.TPS:DSD_G20_PRICES@DF_G20_PRICES(1.0),"G20 - Consumer price indices, all items",I,CAN,Canada,M,Monthly,N,National,CPI,Consumer price index,PA,Percent per annum,_T,Total,N,Neither seasonally adjusted nor calendar adjusted,GY,"Growth rate, over 1 year",2024-11,,1.889169,,A,Normal value,0,Units,,,,,1,One
DATAFLOW,OECD.SDD.TPS:DSD_G20_PRICES@DF_G20_PRICES(1.0),"G20 - Consumer price indices, all items",I,CAN,Canada,M,Monthly,N,National,CPI,Consumer price index,PA,Percent per annum,_T,Total,N,Neither seasonally adjusted nor calendar adjusted,GY,"Growth rate, over 1 year",2024-12,,1.831965,,A,Normal value,0,Units,,,,,1,One
DATAFLOW,OECD.SDD.TPS:DSD_G20_PRICES@DF_G20_PRICES(1.0),"G20 - Consumer price indices, all items",I,CAN,Canada,M,Monthly,N,National,CPI,Consumer price index,PA,Percent per annum,_T,Total,N,Neither seasonally adjusted nor calendar adjusted,GY,"Growth rate, over 1 year",2025-01,,1.895136,,A,Normal value,0,Units,,,,,1,One
DATAFLOW,OECD.SDD.TPS:DSD_G20_PRICES@DF_G20_PRICES(1.0),"G20 - Consumer price indices, all items",I,CAN,Canada,M,Monthly,N,National,CPI,Consumer price index,PA,Percent per annum,_T,Total,N,Neither seasonally adjusted nor calendar adjusted,GY,"Growth rate, over 1 year",2025-02,,2.644836,,A,Normal value,0,Units,,,,,1,One
DATAFLOW,OECD.SDD.TPS:DSD_G20_PRICES@DF_G20_PRICES(1.0),"G20 - Consumer price indices, all items",I,CAN,Canada,M,Monthly,N,National,CPI,Consumer price index,PA,Percent per annum,_T,Total,N,Neither seasonally adjusted nor calendar adjusted,GY,"Growth rate, over 1 year",2025-03,,2.315394,,A,Normal value,0,Units,,,,,1,One
DATAFLOW,OECD.SDD.TPS:DSD_G20_PRICES@DF_G20_PRICES(1.0),"G20 - Consumer price indices, all items",I,CAN,Canada,M,Monthly,N,National,CPI,Consumer price index,PA,Percent per annum,_T,Total,N,Neither seasonally adjusted nor calendar adjusted,GY,"Growth rate, over 1 year",2025-04,,1.743462,,A,Normal value,0,Units,,,,,1,One
DATAFLOW,OECD.SDD.TPS:DSD_G20_PRICES@DF_G20_PRICES(1.0),"G20 - Consumer price indices, all items",I,CAN,Canada,M,Monthly,N,National,CPI,Consumer price index,PA,Percent per annum,_T,Total,N,Neither seasonally adjusted nor calendar adjusted,GY,"Growth rate, over 1 year",2025-05,,1.733746,,A,Normal value,0,Units,,,,,1,One
DATAFLOW,OECD.SDD.TPS:DSD_G20_PRICES@DF_G20_PRICES(1.0),"G20 - Consumer price indices, all items",I,CAN,Canada,M,Monthly,N,National,CPI,Consumer price index,PA,Percent per annum,_T,Total,N,Neither seasonally adjusted nor calendar adjusted,GY,"Growth rate, over 1 year",2025-06,,1.858736,,A,Normal value,0,Units,,,,,1,One
DATAFLOW,OECD.SDD.TPS:DSD_G20_PRICES@DF_G20_PRICES(1.0),"G20 - Consumer price indices, all items",I,CAN,Canada,M,Monthly,N,National,CPI,Consumer price index,PA,Percent per annum,_T,Total,N,Neither seasonally adjusted nor calendar adjusted,GY,"Growth rate, over 1 year",2025-07,,1.727329,,A,Normal value,0,Units,,,,,1,One
DATAFLOW,OECD.SDD.TPS:DSD_G20_PRICES@DF_G20_PRICES(1.0),"G20 - Consumer price indices, all items",I,CAN,Canada,M,Monthly,N,National,CPI,Consumer price index,PA,Percent per annum,_T,Total,N,Neither seasonally adjusted nor calendar adjusted,GY,"Growth rate, over 1 year",2025-08,,1.854141,,A,Normal value,0,Units,,,,,1,One
DATAFLOW,OECD.SDD.TPS:DSD_G20_PRICES@DF_G20_PRICES(1.0),"G20 - Consumer price indices, all items",I,FRA,France,M,Monthly,HICP,Eurostat harmonised index of consumer prices (HICP),CPI,Consumer price index,PA,Percent per annum,_T,Total,N,Neither seasonally adjusted nor calendar adjusted,GY,"Growth rate, over 1 year",2024-09,,1.4,,A,Normal value,0,Units,,,,,1,One
DATAFLOW,OECD.SDD.TPS:DSD_G20_PRICES@DF_G20_PRICES(1.0),"G20 - Consumer price indices, all items",I,FRA,France,M,Monthly,HICP,Eurostat harmonised index of consumer prices (HICP),CPI,Consumer price index,PA,Percent per annum,_T,Total,N,Neither seasonally adjusted nor calendar adjusted,GY,"Growth rate, over 1 year",2024-10,,1.6,,A,Normal value,0,Units,,,,,1,One
DATAFLOW,OECD.SDD.TPS:DSD_G20_PRICES@DF_G20_PRICES(1.0),"G20 - Consumer price indices, all items",I,FRA,France,M,Monthly,HICP,Eurostat harmonised index of consumer prices (HICP),CPI,Consumer price index,PA,Percent per annum,_T,Total,N,Neither seasonally adjusted nor calendar adjusted,GY,"Growth rate, over 1 year",2024-11,,1.7,,A,Normal value,0,Units,,,,,1,One
DATAFLOW,OECD.SDD.TPS:DSD_G20_PRICES@DF_G20_PRICES(1.0),"G20 - Consumer price indices, all items",I,FRA,France,M,Monthly,HICP,Eurostat harmonised index of consumer prices (HICP),CPI,Consumer price index,PA,Percent per annum,_T,Total,N,Neither seasonally adjusted nor calendar adjusted,GY,"Growth rate, over 1 year",2024-12,,1.8,,A,Normal value,0,Units,,,,,1,One
DATAFLOW,OECD.SDD.TPS:DSD_G20_PRICES@DF_G20_PRICES(1.0),"G20 - Consumer price indices, all items",I,FRA,France,M,Monthly,HICP,Eurostat harmonised index of consumer prices (HICP),CPI,Consumer price index,PA,Percent per annum,_T,Total,N,Neither seasonally adjusted nor calendar adjusted,GY,"Growth rate, over 1 year",2025-01,,1.8,,A,Normal value,0,Units,,,,,1,One
DATAFLOW,OECD.SDD.TPS:DSD_G20_PRICES@DF_G20_PRICES(1.0),"G20 - Consumer price indices, all items",I,FRA,France,M,Monthly,HICP,Eurostat harmonised index of consumer prices (HICP),CPI,Consumer price index,PA,Percent per annum,_T,Total,N,Neither seasonally adjusted nor calendar adjusted,GY,"Growth rate, over 1 year",2025-02,,0.9,,A,Normal value,0,Units,,,,,1,One
DATAFLOW,OECD.SDD.TPS:DSD_G20_PRICES@DF_G20_PRICES(1.0),"G20 - Consumer price indices, all items",I,FRA,France,M,Monthly,HICP,Eurostat harmonised index of consumer prices (HICP),CPI,Consumer price index,PA,Percent per annum,_T,Total,N,Neither seasonally adjusted nor calendar adjusted,GY,"Growth rate, over 1 year",2025-03,,0.9,,A,Normal value,0,Units,,,,,1,One
DATAFLOW,OECD.SDD.TPS:DSD_G20_PRICES@DF_G20_PRICES(1.0),"G20 - Consumer price indices, all items",I,FRA,France,M,Monthly,HICP,Eurostat harmonised index of consumer prices (HICP),CPI,Consumer price index,PA,Percent per annum,_T,Total,N,Neither seasonally adjusted nor calendar adjusted,GY,"Growth rate, over 1 year",2025-04,,0.9,,A,Normal value,0,Units,,,,,1,One
DATAFLOW,OECD.SDD.TPS:DSD_G20_PRICES@DF_G20_PRICES(1.0),"G20 - Consumer price indices, all items",I,FRA,France,M,Monthly,HICP,Eurostat harmonised index of consumer prices (HICP),CPI,Consumer price index,PA,Percent per annum,_T,Total,N,Neither seasonally adjusted nor calendar adjusted,GY,"Growth rate, over 1 year",2025-05,,0.6,,A,Normal value,0,Units,,,,,1,One
DATAFLOW,OECD.SDD.TPS:DSD_G20_PRICES@DF_G20_PRICES(1.0),"G20 - Consumer price indices, all items",I,FRA,France,M,Monthly,HICP,Eurostat harmonised index of consumer prices (HICP),CPI,Consumer price index,PA,Percent per annum,_T,Total,N,Neither seasonally adjusted nor calendar adjusted,GY,"Growth rate, over 1 year",2025-06,,0.9,,A,Normal value,0,Units,,,,,1,One
DATAFLOW,OECD.SDD.TPS:DSD_G20_PRICES@DF_G20_PRICES(1.0),"G20 - Consumer price indices, all items",I,FRA,France,M,Monthly,HICP,Eurostat harmonised index of consumer prices (HICP),CPI,Consumer price index,PA,Percent per annum,_T,Total,N,Neither seasonally adjusted nor calendar adjusted,GY,"Growth rate, over 1 year",2025-07,,0.9,,A,Normal value,0,Units,,,,,1,One
DATAFLOW,OECD.SDD.TPS:DSD_G20_PRICES@DF_G20_PRICES(1.0),"G20 - Consumer price indices, all items",I,FRA,France,M,Monthly,HICP,Eurostat harmonised index of consumer prices (HICP),CPI,Consumer price index,PA,Percent per annum,_T,Total,N,Neither seasonally adjusted nor calendar adjusted,GY,"Growth rate, over 1 year",2025-08,,0.8,,A,Normal value,0,Units,,,,,1,One
DATAFLOW,OECD.SDD.TPS:DSD_G20_PRICES@DF_G20_PRICES(1.0),"G20 - Consumer price indices, all items",I,FRA,France,M,Monthly,HICP,Eurostat harmonised index of consumer prices (HICP),CPI,Consumer price index,PA,Percent per annum,_T,Total,N,Neither seasonally adjusted nor calendar adjusted,GY,"Growth rate, over 1 year",2025-09,,1.1,,A,Normal value,0,Units,,,,,1,One
DATAFLOW,OECD.SDD.TPS:DSD_G20_PRICES@DF_G20_PRICES(1.0),"G20 - Consumer price indices, all items",I,DEU,Germany,M,Monthly,HICP,Eurostat harmonised index of consumer prices (HICP),CPI,Consumer price index,PA,Percent per annum,_T,Total,N,Neither seasonally adjusted nor calendar adjusted,GY,"Growth rate, over 1 year",2024-09,,1.8,,A,Normal value,0,Units,,,,,1,One
DATAFLOW,OECD.SDD.TPS:DSD_G20_PRICES@DF_G20_PRICES(1.0),"G20 - Consumer price indices, all items",I,DEU,Germany,M,Monthly,HICP,Eurostat harmonised index of consumer prices (HICP),CPI,Consumer price index,PA,Percent per annum,_T,Total,N,Neither seasonally adjusted nor calendar adjusted,GY,"Growth rate, over 1 year",2024-10,,2.4,,A,Normal value,0,Units,,,,,1,One
DATAFLOW,OECD.SDD.TPS:DSD_G20_PRICES@DF_G20_PRICES(1.0),"G20 - Consumer price indices, all items",I,DEU,Germany,M,Monthly,HICP,Eurostat harmonised index of consumer prices (HICP),CPI,Consumer price index,PA,Percent per annum,_T,Total,N,Neither seasonally adjusted nor calendar adjusted,GY,"Growth rate, over 1 year",2024-11,,2.4,,A,Normal value,0,Units,,,,,1,One
DATAFLOW,OECD.SDD.TPS:DSD_G20_PRICES@DF_G20_PRICES(1.0),"G20 - Consumer price indices, all items",I,DEU,Germany,M,Monthly,HICP,Eurostat harmonised index of consumer prices (HICP),CPI,Consumer price index,PA,Percent per annum,_T,Total,N,Neither seasonally adjusted nor calendar adjusted,GY,"Growth rate, over 1 year",2024-12,,2.8,,A,Normal value,0,Units,,,,,1,One
DATAFLOW,OECD.SDD.TPS:DSD_G20_PRICES@DF_G20_PRICES(1.0),"G20 - Consumer price indices, all items",I,DEU,Germany,M,Monthly,HICP,Eurostat harmonised index of consumer prices (HICP),CPI,Consumer price index,PA,Percent per annum,_T,Total,N,Neither seasonally adjusted nor calendar adjusted,GY,"Growth rate, over 1 year",2025-01,,2.8,,A,Normal value,0,Units,,,,,1,One
DATAFLOW,OECD.SDD.TPS:DSD_G20_PRICES@DF_G20_PRICES(1.0),"G20 - Consumer price indices, all items",I,DEU,Germany,M,Monthly,HICP,Eurostat harmonised index of consumer prices (HICP),CPI,Consumer price index,PA,Percent per annum,_T,Total,N,Neither seasonally adjusted nor calendar adjusted,GY,"Growth rate, over 1 year",2025-02,,2.6,,A,Normal value,0,Units,,,,,1,One
DATAFLOW,OECD.SDD.TPS:DSD_G20_PRICES@DF_G20_PRICES(1.0),"G20 - Consumer price indices, all items",I,DEU,Germany,M,Monthly,HICP,Eurostat harmonised index of consumer prices (HICP),CPI,Consumer price index,PA,Percent per annum,_T,Total,N,Neither seasonally adjusted nor calendar adjusted,GY,"Growth rate, over 1 year",2025-03,,2.3,,A,Normal value,0,Units,,,,,1,One
DATAFLOW,OECD.SDD.TPS:DSD_G20_PRICES@DF_G20_PRICES(1.0),"G20 - Consumer price indices, all items",I,DEU,Germany,M,Monthly,HICP,Eurostat harmonised index of consumer prices (HICP),CPI,Consumer price index,PA,Percent per annum,_T,Total,N,Neither seasonally adjusted nor calendar adjusted,GY,"Growth rate, over 1 year",2025-04,,2.2,,A,Normal value,0,Units,,,,,1,One
DATAFLOW,OECD.SDD.TPS:DSD_G20_PRICES@DF_G20_PRICES(1.0),"G20 - Consumer price indices, all items",I,DEU,Germany,M,Monthly,HICP,Eurostat harmonised index of consumer prices (HICP),CPI,Consumer price index,PA,Percent per annum,_T,Total,N,Neither seasonally adjusted nor calendar adjusted,GY,"Growth rate, over 1 year",2025-05,,2.1,,A,Normal value,0,Units,,,,,1,One
DATAFLOW,OECD.SDD.TPS:DSD_G20_PRICES@DF_G20_PRICES(1.0),"G20 - Consumer price indices, all items",I,DEU,Germany,M,Monthly,HICP,Eurostat harmonised index of consumer prices (HICP),CPI,Consumer price index,PA,Percent per annum,_T,Total,N,Neither seasonally adjusted nor calendar adjusted,GY,"Growth rate, over 1 year",2025-06,,2,,A,Normal value,0,Units,,,,,1,One
DATAFLOW,OECD.SDD.TPS:DSD_G20_PRICES@DF_G20_PRICES(1.0),"G20 - Consumer price indices, all items",I,DEU,Germany,M,Monthly,HICP,Eurostat harmonised index of consumer prices (HICP),CPI,Consumer price index,PA,Percent per annum,_T,Total,N,Neither seasonally adjusted nor calendar adjusted,GY,"Growth rate, over 1 year",2025-07,,1.8,,A,Normal value,0,Units,,,,,1,One
DATAFLOW,OECD.SDD.TPS:DSD_G20_PRICES@DF_G20_PRICES(1.0),"G20 - Consumer price indices, all items",I,DEU,Germany,M,Monthly,HICP,Eurostat harmonised index of consumer prices (HICP),CPI,Consumer price index,PA,Percent per annum,_T,Total,N,Neither seasonally adjusted nor calendar adjusted,GY,"Growth rate, over 1 year",2025-08,,2.1,,A,Normal value,0,Units,,,,,1,One
DATAFLOW,OECD.SDD.TPS:DSD_G20_PRICES@DF_G20_PRICES(1.0),"G20 - Consumer price indices, all items",I,DEU,Germany,M,Monthly,HICP,Eurostat harmonised index of consumer prices (HICP),CPI,Consumer price index,PA,Percent per annum,_T,Total,N,Neither seasonally adjusted nor calendar adjusted,GY,"Growth rate, over 1 year",2025-09,,2.4,,A,Normal value,0,Units,,,,,1,One
DATAFLOW,OECD.SDD.TPS:DSD_G20_PRICES@DF_G20_PRICES(1.0),"G20 - Consumer price indices, all items",I,ITA,Italy,M,Monthly,HICP,Eurostat harmonised index of consumer prices (HICP),CPI,Consumer price index,PA,Percent per annum,_T,Total,N,Neither seasonally adjusted nor calendar adjusted,GY,"Growth rate, over 1 year",2024-09,,0.7,,A,Normal value,0,Units,,,,,1,One
DATAFLOW,OECD.SDD.TPS:DSD_G20_PRICES@DF_G20_PRICES(1.0),"G20 - Consumer price indices, all items",I,ITA,Italy,M,Monthly,HICP,Eurostat harmonised index of consumer prices (HICP),CPI,Consumer price index,PA,Percent per annum,_T,Total,N,Neither seasonally adjusted nor calendar adjusted,GY,"Growth rate, over 1 year",2024-10,,1,,A,Normal value,0,Units,,,,,1,One
DATAFLOW,OECD.SDD.TPS:DSD_G20_PRICES@DF_G20_PRICES(1.0),"G20 - Consumer price indices, all items",I,ITA,Italy,M,Monthly,HICP,Eurostat harmonised index of consumer prices (HICP),CPI,Consumer price index,PA,Percent per annum,_T,Total,N,Neither seasonally adjusted nor calendar adjusted,GY,"Growth rate, over 1 year",2024-11,,1.5,,A,Normal value,0,Units,,,,,1,One
DATAFLOW,OECD.SDD.TPS:DSD_G20_PRICES@DF_G20_PRICES(1.0),"G20 - Consumer price indices, all items",I,ITA,Italy,M,Monthly,HICP,Eurostat harmonised index of consumer prices (HICP),CPI,Consumer price index,PA,Percent per annum,_T,Total,N,Neither seasonally adjusted nor calendar adjusted,GY,"Growth rate, over 1 year",2024-12,,1.4,,A,Normal value,0,Units,,,,,1,One
DATAFLOW,OECD.SDD.TPS:DSD_G20_PRICES@DF_G20_PRICES(1.0),"G20 - Consumer price indices, all items",I,ITA,Italy,M,Monthly,HICP,Eurostat harmonised index of consumer prices (HICP),CPI,Consumer price index,PA,Percent per annum,_T,Total,N,Neither seasonally adjusted nor calendar adjusted,GY,"Growth rate, over 1 year",2025-01,,1.7,,A,Normal value,0,Units,,,,,1,One
DATAFLOW,OECD.SDD.TPS:DSD_G20_PRICES@DF_G20_PRICES(1.0),"G20 - Consumer price indices, all items",I,ITA,Italy,M,Monthly,HICP,Eurostat harmonised index of consumer prices (HICP),CPI,Consumer price index,PA,Percent per annum,_T,Total,N,Neither seasonally adjusted nor calendar adjusted,GY,"Growth rate, over 1 year",2025-02,,1.7,,A,Normal value,0,Units,,,,,1,One
DATAFLOW,OECD.SDD.TPS:DSD_G20_PRICES@DF_G20_PRICES(1.0),"G20 - Consumer price indices, all items",I,ITA,Italy,M,Monthly,HICP,Eurostat harmonised index of consumer prices (HICP),CPI,Consumer price index,PA,Percent per annum,_T,Total,N,Neither seasonally adjusted nor calendar adjusted,GY,"Growth rate, over 1 year",2025-03,,2.1,,A,Normal value,0,Units,,,,,1,One
DATAFLOW,OECD.SDD.TPS:DSD_G20_PRICES@DF_G20_PRICES(1.0),"G20 - Consumer price indices, all items",I,ITA,Italy,M,Monthly,HICP,Eurostat harmonised index of consumer prices (HICP),CPI,Consumer price index,PA,Percent per annum,_T,Total,N,Neither seasonally adjusted nor calendar adjusted,GY,"Growth rate, over 1 year",2025-04,,2,,A,Normal value,0,Units,,,,,1,One
DATAFLOW,OECD.SDD.TPS:DSD_G20_PRICES@DF_G20_PRICES(1.0),"G20 - Consumer price indices, all items",I,ITA,Italy,M,Monthly,HICP,Eurostat harmonised index of consumer prices (HICP),CPI,Consumer price index,PA,Percent per annum,_T,Total,N,Neither seasonally adjusted nor calendar adjusted,GY,"Growth rate, over 1 year",2025-05,,1.7,,A,Normal value,0,Units,,,,,1,One
DATAFLOW,OECD.SDD.TPS:DSD_G20_PRICES@DF_G20_PRICES(1.0),"G20 - Consumer price indices, all items",I,ITA,Italy,M,Monthly,HICP,Eurostat harmonised index of consumer prices (HICP),CPI,Consumer price index,PA,Percent per annum,_T,Total,N,Neither seasonally adjusted nor calendar adjusted,GY,"Growth rate, over 1 year",2025-06,,1.8,,A,Normal value,0,Units,,,,,1,One
DATAFLOW,OECD.SDD.TPS:DSD_G20_PRICES@DF_G20_PRICES(1.0),"G20 - Consumer price indices, all items",I,ITA,Italy,M,Monthly,HICP,Eurostat harmonised index of consumer prices (HICP),CPI,Consumer price index,PA,Percent per annum,_T,Total,N,Neither seasonally adjusted nor calendar adjusted,GY,"Growth rate, over 1 year",2025-07,,1.7,,A,Normal value,0,Units,,,,,1,One
DATAFLOW,OECD.SDD.TPS:DSD_G20_PRICES@DF_G20_PRICES(1.0),"G20 - Consumer price indices, all items",I,ITA,Italy,M,Monthly,HICP,Eurostat harmonised index of consumer prices (HICP),CPI,Consumer price index,PA,Percent per annum,_T,Total,N,Neither seasonally adjusted nor calendar adjusted,GY,"Growth rate, over 1 year",2025-08,,1.6,,A,Normal value,0,Units,,,,,1,One
DATAFLOW,OECD.SDD.TPS:DSD_G20_PRICES@DF_G20_PRICES(1.0),"G20 - Consumer price indices, all items",I,ITA,Italy,M,Monthly,HICP,Eurostat harmonised index of consumer prices (HICP),CPI,Consumer price index,PA,Percent per annum,_T,Total,N,Neither seasonally adjusted nor calendar adjusted,GY,"Growth rate, over 1 year",2025-09,,1.8,,A,Normal value,0,Units,,,,,1,One
DATAFLOW,OECD.SDD.TPS:DSD_G20_PRICES@DF_G20_PRICES(1.0),"G20 - Consumer price indices, all items",I,KOR,Korea,M,Monthly,N,National,CPI,Consumer price index,PA,Percent per annum,_T,Total,N,Neither seasonally adjusted nor calendar adjusted,GY,"Growth rate, over 1 year",2024-09,,1.595038,,A,Normal value,0,Units,,,,,1,One
DATAFLOW,OECD.SDD.TPS:DSD_G20_PRICES@DF_G20_PRICES(1.0),"G20 - Consumer price indices, all items",I,KOR,Korea,M,Monthly,N,National,CPI,Consumer price index,PA,Percent per annum,_T,Total,N,Neither seasonally adjusted nor calendar adjusted,GY,"Growth rate, over 1 year",2024-10,,1.253642,,A,Normal value,0,Units,,,,,1,One
DATAFLOW,OECD.SDD.TPS:DSD_G20_PRICES@DF_G20_PRICES(1.0),"G20 - Consumer price indices, all items",I,KOR,Korea,M,Monthly,N,National,CPI,Consumer price index,PA,Percent per annum,_T,Total,N,Neither seasonally adjusted nor calendar adjusted,GY,"Growth rate, over 1 year",2024-11,,1.526447,,A,Normal value,0,Units,,,,,1,One
DATAFLOW,OECD.SDD.TPS:DSD_G20_PRICES@DF_G20_PRICES(1.0),"G20 - Consumer price indices, all items",I,KOR,Korea,M,Monthly,N,National,CPI,Consumer price index,PA,Percent per annum,_T,Total,N,Neither seasonally adjusted nor calendar adjusted,GY,"Growth rate, over 1 year",2024-12,,1.933824,,A,Normal value,0,Units,,,,,1,One
DATAFLOW,OECD.SDD.TPS:DSD_G20_PRICES@DF_G20_PRICES(1.0),"G20 - Consumer price indices, all items",I,KOR,Korea,M,Monthly,N,National,CPI,Consumer price index,PA,Percent per annum,_T,Total,N,Neither seasonally adjusted nor calendar adjusted,GY,"Growth rate, over 1 year",2025-01,,2.244411,,A,Normal value,0,Units,,,,,1,One
DATAFLOW,OECD.SDD.TPS:DSD_G20_PRICES@DF_G20_PRICES(1.0),"G20 - Consumer price indices, all items",I,KOR,Korea,M,Monthly,N,National,CPI,Consumer price index,PA,Percent per annum,_T,Total,N,Neither seasonally adjusted nor calendar adjusted,GY,"Growth rate, over 1 year",2025-02,,2.021445,,A,Normal value,0,Units,,,,,1,One
DATAFLOW,OECD.SDD.TPS:DSD_G20_PRICES@DF_G20_PRICES(1.0),"G20 - Consumer price indices, all items",I,KOR,Korea,M,Monthly,N,National,CPI,Consumer price index,PA,Percent per annum,_T,Total,N,Neither seasonally adjusted nor calendar adjusted,GY,"Growth rate, over 1 year",2025-03,,2.053532,,A,Normal value,0,Units,,,,,1,One
DATAFLOW,OECD.SDD.TPS:DSD_G20_PRICES@DF_G20_PRICES(1.0),"G20 - Consumer price indices, all items",I,KOR,Korea,M,Monthly,N,National,CPI,Consumer price index,PA,Percent per annum,_T,Total,N,Neither seasonally adjusted nor calendar adjusted,GY,"Growth rate, over 1 year",2025-04,,2.078765,,A,Normal value,0,Units,,,,,1,One
DATAFLOW,OECD.SDD.TPS:DSD_G20_PRICES@DF_G20_PRICES(1.0),"G20 - Consumer price indices, all items",I,KOR,Korea,M,Monthly,N,National,CPI,Consumer price index,PA,Percent per annum,_T,Total,N,Neither seasonally adjusted nor calendar adjusted,GY,"Growth rate, over 1 year",2025-05,,1.90184,,A,Normal value,0,Units,,,,,1,One
DATAFLOW,OECD.SDD.TPS:DSD_G20_PRICES@DF_G20_PRICES(1.0),"G20 - Consumer price indices, all items",I,KOR,Korea,M,Monthly,N,National,CPI,Consumer price index,PA,Percent per annum,_T,Total,N,Neither seasonally adjusted nor calendar adjusted,GY,"Growth rate, over 1 year",2025-06,,2.169712,,A,Normal value,0,Units,,,,,1,One
DATAFLOW,OECD.SDD.TPS:DSD_G20_PRICES@DF_G20_PRICES(1.0),"G20 - Consumer price indices, all items",I,KOR,Korea,M,Monthly,N,National,CPI,Consumer price index,PA,Percent per annum,_T,Total,N,Neither seasonally adjusted nor calendar adjusted,GY,"Growth rate, over 1 year",2025-07,,2.094103,,A,Normal value,0,Units,,,,,1,One
DATAFLOW,OECD.SDD.TPS:DSD_G20_PRICES@DF_G20_PRICES(1.0),"G20 - Consumer price indices, all items",I,KOR,Korea,M,Monthly,N,National,CPI,Consumer price index,PA,Percent per annum,_T,Total,N,Neither seasonally adjusted nor calendar adjusted,GY,"Growth rate, over 1 year",2025-08,,1.66754,,A,Normal value,0,Units,,,,,1,One
DATAFLOW,OECD.SDD.TPS:DSD_G20_PRICES@DF_G20_PRICES(1.0),"G20 - Consumer price indices, all items",I,KOR,Korea,M,Monthly,N,National,CPI,Consumer price index,PA,Percent per annum,_T,Total,N,Neither seasonally adjusted nor calendar adjusted,GY,"Growth rate, over 1 year",2025-09,,2.10205,,A,Normal value,0,Units,,,,,1,One
DATAFLOW,OECD.SDD.TPS:DSD_G20_PRICES@DF_G20_PRICES(1.0),"G20 - Consumer price indices, all items",I,TUR,Türkiye,M,Monthly,HICP,Eurostat harmonised index of consumer prices (HICP),CPI,Consumer price index,PA,Percent per annum,_T,Total,N,Neither seasonally adjusted nor calendar adjusted,GY,"Growth rate, over 1 year",2024-09,,49.5,,A,Normal value,0,Units,,,,,1,One
DATAFLOW,OECD.SDD.TPS:DSD_G20_PRICES@DF_G20_PRICES(1.0),"G20 - Consumer price indices, all items",I,TUR,Türkiye,M,Monthly,HICP,Eurostat harmonised index of consumer prices (HICP),CPI,Consumer price index,PA,Percent per annum,_T,Total,N,Neither seasonally adjusted nor calendar adjusted,GY,"Growth rate, over 1 year",2024-10,,48.7,,A,Normal value,0,Units,,,,,1,One
DATAFLOW,OECD.SDD.TPS:DSD_G20_PRICES@DF_G20_PRICES(1.0),"G20 - Consumer price indices, all items",I,TUR,Türkiye,M,Monthly,HICP,Eurostat harmonised index of consumer prices (HICP),CPI,Consumer price index,PA,Percent per annum,_T,Total,N,Neither seasonally adjusted nor calendar adjusted,GY,"Growth rate, over 1 year",2024-11,,47.1,,A,Normal value,0,Units,,,,,1,One
DATAFLOW,OECD.SDD.TPS:DSD_G20_PRICES@DF_G20_PRICES(1.0),"G20 - Consumer price indices, all items",I,TUR,Türkiye,M,Monthly,HICP,Eurostat harmonised index of consumer prices (HICP),CPI,Consumer price index,PA,Percent per annum,_T,Total,N,Neither seasonally adjusted nor calendar adjusted,GY,"Growth rate, over 1 year",2024-12,,44.4,,A,Normal value,0,Units,,,,,1,One
DATAFLOW,OECD.SDD.TPS:DSD_G20_PRICES@DF_G20_PRICES(1.0),"G20 - Consumer price indices, all items",I,TUR,Türkiye,M,Monthly,HICP,Eurostat harmonised index of consumer prices (HICP),CPI,Consumer price index,PA,Percent per annum,_T,Total,N,Neither seasonally adjusted nor calendar adjusted,GY,"Growth rate, over 1 year",2025-01,,42.2,,A,Normal value,0,Units,,,,,1,One
DATAFLOW,OECD.SDD.TPS:DSD_G20_PRICES@DF_G20_PRICES(1.0),"G20 - Consumer price indices, all items",I,TUR,Türkiye,M,Monthly,HICP,Eurostat harmonised index of consumer prices (HICP),CPI,Consumer price index,PA,Percent per annum,_T,Total,N,Neither seasonally adjusted nor calendar adjusted,GY,"Growth rate, over 1 year",2025-02,,39.1,,A,Normal value,0,Units,,,,,1,One
DATAFLOW,OECD.SDD.TPS:DSD_G20_PRICES@DF_G20_PRICES(1.0),"G20 - Consumer price indices, all items",I,TUR,Türkiye,M,Monthly,HICP,Eurostat harmonised index of consumer prices (HICP),CPI,Consumer price index,PA,Percent per annum,_T,Total,N,Neither seasonally adjusted nor calendar adjusted,GY,"Growth rate, over 1 year",2025-03,,38.1,,A,Normal value,0,Units,,,,,1,One
DATAFLOW,OECD.SDD.TPS:DSD_G20_PRICES@DF_G20_PRICES(1.0),"G20 - Consumer price indices, all items",I,TUR,Türkiye,M,Monthly,HICP,Eurostat harmonised index of consumer prices (HICP),CPI,Consumer price index,PA,Percent per annum,_T,Total,N,Neither seasonally adjusted nor calendar adjusted,GY,"Growth rate, over 1 year",2025-04,,37.9,,A,Normal value,0,Units,,,,,1,One
DATAFLOW,OECD.SDD.TPS:DSD_G20_PRICES@DF_G20_PRICES(1.0),"G20 - Consumer price indices, all items",I,TUR,Türkiye,M,Monthly,HICP,Eurostat harmonised index of consumer prices (HICP),CPI,Consumer price index,PA,Percent per annum,_T,Total,N,Neither seasonally adjusted nor calendar adjusted,GY,"Growth rate, over 1 year",2025-05,,35.4,,A,Normal value,0,Units,,,,,1,One
DATAFLOW,OECD.SDD.TPS:DSD_G20_PRICES@DF_G20_PRICES(1.0),"G20 - Consumer price indices, all items",I,TUR,Türkiye,M,Monthly,HICP,Eurostat harmonised index of consumer prices (HICP),CPI,Consumer price index,PA,Percent per annum,_T,Total,N,Neither seasonally adjusted nor calendar adjusted,GY,"Growth rate, over 1 year",2025-06,,35.1,,A,Normal value,0,Units,,,,,1,One
DATAFLOW,OECD.SDD.TPS:DSD_G20_PRICES@DF_G20_PRICES(1.0),"G20 - Consumer price indices, all items",I,TUR,Türkiye,M,Monthly,HICP,Eurostat harmonised index of consumer prices (HICP),CPI,Consumer price index,PA,Percent per annum,_T,Total,N,Neither seasonally adjusted nor calendar adjusted,GY,"Growth rate, over 1 year",2025-07,,33.5,,A,Normal value,0,Units,,,,,1,One
DATAFLOW,OECD.SDD.TPS:DSD_G20_PRICES@DF_G20_PRICES(1.0),"G20 - Consumer price indices, all items",I,TUR,Türkiye,M,Monthly,HICP,Eurostat harmonised index of consumer prices (HICP),CPI,Consumer price index,PA,Percent per annum,_T,Total,N,Neither seasonally adjusted nor calendar adjusted,GY,"Growth rate, over 1 year",2025-08,,33,,A,Normal value,0,Units,,,,,1,One
DATAFLOW,OECD.SDD.TPS:DSD_G20_PRICES@DF_G20_PRICES(1.0),"G20 - Consumer price indices, all items",I,TUR,Türkiye,M,Monthly,HICP,Eurostat harmonised index of consumer prices (HICP),CPI,Consumer price index,PA,Percent per annum,_T,Total,N,Neither seasonally adjusted nor calendar adjusted,GY,"Growth rate, over 1 year",2025-09,,33.3,,A,Normal value,0,Units,,,,,1,One
DATAFLOW,OECD.SDD.TPS:DSD_G20_PRICES@DF_G20_PRICES(1.0),"G20 - Consumer price indices, all items",I,GBR,United Kingdom,M,Monthly,HICP,Eurostat harmonised index of consumer prices (HICP),CPI,Consumer price index,PA,Percent per annum,_T,Total,N,Neither seasonally adjusted nor calendar adjusted,GY,"Growth rate, over 1 year",2024-09,,1.7,,A,Normal value,0,Units,,,,,1,One
DATAFLOW,OECD.SDD.TPS:DSD_G20_PRICES@DF_G20_PRICES(1.0),"G20 - Consumer price indices, all items",I,GBR,United Kingdom,M,Monthly,HICP,Eurostat harmonised index of consumer prices (HICP),CPI,Consumer price index,PA,Percent per annum,_T,Total,N,Neither seasonally adjusted nor calendar adjusted,GY,"Growth rate, over 1 year",2024-10,,2.3,,A,Normal value,0,Units,,,,,1,One
DATAFLOW,OECD.SDD.TPS:DSD_G20_PRICES@DF_G20_PRICES(1.0),"G20 - Consumer price indices, all items",I,GBR,United Kingdom,M,Monthly,HICP,Eurostat harmonised index of consumer prices (HICP),CPI,Consumer price index,PA,Percent per annum,_T,Total,N,Neither seasonally adjusted nor calendar adjusted,GY,"Growth rate, over 1 year",2024-11,,2.6,,A,Normal value,0,Units,,,,,1,One
DATAFLOW,OECD.SDD.TPS:DSD_G20_PRICES@DF_G20_PRICES(1.0),"G20 - Consumer price indices, all items",I,GBR,United Kingdom,M,Monthly,HICP,Eurostat harmonised index of consumer prices (HICP),CPI,Consumer price index,PA,Percent per annum,_T,Total,N,Neither seasonally adjusted nor calendar adjusted,GY,"Growth rate, over 1 year",2024-12,,2.5,,A,Normal value,0,Units,,,,,1,One
DATAFLOW,OECD.SDD.TPS:DSD_G20_PRICES@DF_G20_PRICES(1.0),"G20 - Consumer price indices, all items",I,GBR,United Kingdom,M,Monthly,HICP,Eurostat harmonised index of consumer prices (HICP),CPI,Consumer price index,PA,Percent per annum,_T,Total,N,Neither seasonally adjusted nor calendar adjusted,GY,"Growth rate, over 1 year",2025-01,,3,,A,Normal value,0,Units,,,,,1,One
DATAFLOW,OECD.SDD.TPS:DSD_G20_PRICES@DF_G20_PRICES(1.0),"G20 - Consumer price indices, all items",I,GBR,United Kingdom,M,Monthly,HICP,Eurostat harmonised index of consumer prices (HICP),CPI,Consumer price index,PA,Percent per annum,_T,Total,N,Neither seasonally adjusted nor calendar adjusted,GY,"Growth rate, over 1 year",2025-02,,2.8,,A,Normal value,0,Units,,,,,1,One
DATAFLOW,OECD.SDD.TPS:DSD_G20_PRICES@DF_G20_PRICES(1.0),"G20 - Consumer price indices, all items",I,GBR,United Kingdom,M,Monthly,HICP,Eurostat harmonised index of consumer prices (HICP),CPI,Consumer price index,PA,Percent per annum,_T,Total,N,Neither seasonally adjusted nor calendar adjusted,GY,"Growth rate, over 1 year",2025-03,,2.6,,A,Normal value,0,Units,,,,,1,One
DATAFLOW,OECD.SDD.TPS:DSD_G20_PRICES@DF_G20_PRICES(1.0),"G20 - Consumer price indices, all items",I,GBR,United Kingdom,M,Monthly,HICP,Eurostat harmonised index of consumer prices (HICP),CPI,Consumer price index,PA,Percent per annum,_T,Total,N,Neither seasonally adjusted nor calendar adjusted,GY,"Growth rate, over 1 year",2025-04,,3.5,,A,Normal value,0,Units,,,,,1,One
DATAFLOW,OECD.SDD.TPS:DSD_G20_PRICES@DF_G20_PRICES(1.0),"G20 - Consumer price indices, all items",I,GBR,United Kingdom,M,Monthly,HICP,Eurostat harmonised index of consumer prices (HICP),CPI,Consumer price index,PA,Percent per annum,_T,Total,N,Neither seasonally adjusted nor calendar adjusted,GY,"Growth rate, over 1 year",2025-05,,3.4,,A,Normal value,0,Units,,,,,1,One
DATAFLOW,OECD.SDD.TPS:DSD_G20_PRICES@DF_G20_PRICES(1.0),"G20 - Consumer price indices, all items",I,GBR,United Kingdom,M,Monthly,HICP,Eurostat harmonised index of consumer prices (HICP),CPI,Consumer price index,PA,Percent per annum,_T,Total,N,Neither seasonally adjusted nor calendar adjusted,GY,"Growth rate, over 1 year",2025-06,,3.6,,A,Normal value,0,Units,,,,,1,One
DATAFLOW,OECD.SDD.TPS:DSD_G20_PRICES@DF_G20_PRICES(1.0),"G20 - Consumer price indices, all items",I,GBR,United Kingdom,M,Monthly,HICP,Eurostat harmonised index of consumer prices (HICP),CPI,Consumer price index,PA,Percent per annum,_T,Total,N,Neither seasonally adjusted nor calendar adjusted,GY,"Growth rate, over 1 year",2025-07,,3.8,,A,Normal value,0,Units,,,,,1,One
DATAFLOW,OECD.SDD.TPS:DSD_G20_PRICES@DF_G20_PRICES(1.0),"G20 - Consumer price indices, all items",I,GBR,United Kingdom,M,Monthly,HICP,Eurostat harmonised index of consumer prices (HICP),CPI,Consumer price index,PA,Percent per annum,_T,Total,N,Neither seasonally adjusted nor calendar adjusted,GY,"Growth rate, over 1 year",2025-08,,3.8,,A,Normal value,0,Units,,,,,1,One
DATAFLOW,OECD.SDD.TPS:DSD_G20_PRICES@DF_G20_PRICES(1.0),"G20 - Consumer price indices, all items",I,USA,United States,M,Monthly,N,National,CPI,Consumer price index,PA,Percent per annum,_T,Total,N,Neither seasonally adjusted nor calendar adjusted,GY,"Growth rate, over 1 year",2024-09,,2.440633,,A,Normal value,0,Units,,,,,1,One
DATAFLOW,OECD.SDD.TPS:DSD_G20_PRICES@DF_G20_PRICES(1.0),"G20 - Consumer price indices, all items",I,USA,United States,M,Monthly,N,National,CPI,Consumer price index,PA,Percent per annum,_T,Total,N,Neither seasonally adjusted nor calendar adjusted,GY,"Growth rate, over 1 year",2024-10,,2.597905,,A,Normal value,0,Units,,,,,1,One
DATAFLOW,OECD.SDD.TPS:DSD_G20_PRICES@DF_G20_PRICES(1.0),"G20 - Consumer price indices, all items",I,USA,United States,M,Monthly,N,National,CPI,Consumer price index,PA,Percent per annum,_T,Total,N,Neither seasonally adjusted nor calendar adjusted,GY,"Growth rate, over 1 year",2024-11,,2.74938,,A,Normal value,0,Units,,,,,1,One
DATAFLOW,OECD.SDD.TPS:DSD_G20_PRICES@DF_G20_PRICES(1.0),"G20 - Consumer price indices, all items",I,USA,United States,M,Monthly,N,National,CPI,Consumer price index,PA,Percent per annum,_T,Total,N,Neither seasonally adjusted nor calendar adjusted,GY,"Growth rate, over 1 year",2024-12,,2.888057,,A,Normal value,0,Units,,,,,1,One
DATAFLOW,OECD.SDD.TPS:DSD_G20_PRICES@DF_G20_PRICES(1.0),"G20 - Consumer price indices, all items",I,USA,United States,M,Monthly,N,National,CPI,Consumer price index,PA,Percent per annum,_T,Total,N,Neither seasonally adjusted nor calendar adjusted,GY,"Growth rate, over 1 year",2025-01,,3.000483,,A,Normal value,0,Units,,,,,1,One
DATAFLOW,OECD.SDD.TPS:DSD_G20_PRICES@DF_G20_PRICES(1.0),"G20 - Consumer price indices, all items",I,USA,United States,M,Monthly,N,National,CPI,Consumer price index,PA,Percent per annum,_T,Total,N,Neither seasonally adjusted nor calendar adjusted,GY,"Growth rate, over 1 year",2025-02,,2.821549,,A,Normal value,0,Units,,,,,1,One
DATAFLOW,OECD.SDD.TPS:DSD_G20_PRICES@DF_G20_PRICES(1.0),"G20 - Consumer price indices, all items",I,USA,United States,M,Monthly,N,National,CPI,Consumer price index,PA,Percent per annum,_T,Total,N,Neither seasonally adjusted nor calendar adjusted,GY,"Growth rate, over 1 year",2025-03,,2.390725,,A,Normal value,0,Units,,,,,1,One
DATAFLOW,OECD.SDD.TPS:DSD_G20_PRICES@DF_G20_PRICES(1.0),"G20 - Consumer price indices, all items",I,USA,United States,M,Monthly,N,National,CPI,Consumer price index,PA,Percent per annum,_T,Total,N,Neither seasonally adjusted nor calendar adjusted,GY,"Growth rate, over 1 year",2025-04,,2.311289,,A,Normal value,0,Units,,,,,1,One
DATAFLOW,OECD.SDD.TPS:DSD_G20_PRICES@DF_G20_PRICES(1.0),"G20 - Consumer price indices, all items",I,USA,United States,M,Monthly,N,National,CPI,Consumer price index,PA,Percent per annum,_T,Total,N,Neither seasonally adjusted nor calendar adjusted,GY,"Growth rate, over 1 year",2025-05,,2.354897,,A,Normal value,0,Units,,,,,1,One
DATAFLOW,OECD.SDD.TPS:DSD_G20_PRICES@DF_G20_PRICES(1.0),"G20 - Consumer price indices, all items",I,USA,United States,M,Monthly,N,National,CPI,Consumer price index,PA,Percent per annum,_T,Total,N,Neither seasonally adjusted nor calendar adjusted,GY,"Growth rate, over 1 year",2025-06,,2.669213,,A,Normal value,0,Units,,,,,1,One
DATAFLOW,OECD.SDD.TPS:DSD_G20_PRICES@DF_G20_PRICES(1.0),"G20 - Consumer price indices, all items",I,USA,United States,M,Monthly,N,National,CPI,Consumer price index,PA,Percent per annum,_T,Total,N,Neither seasonally adjusted nor calendar adjusted,GY,"Growth rate, over 1 year",2025-07,,2.704902,,A,Normal value,0,Units,,,,,1,One
DATAFLOW,OECD.SDD.TPS:DSD_G20_PRICES@DF_G20_PRICES(1.0),"G20 - Consumer price indices, all items",I,USA,United States,M,Monthly,N,National,CPI,Consumer price index,PA,Percent per annum,_T,Total,N,Neither seasonally adjusted nor calendar adjusted,GY,"Growth rate, over 1 year",2025-08,,2.916174,,A,Normal value,0,Units,,,,,1,One
DATAFLOW,OECD.SDD.TPS:DSD_G20_PRICES@DF_G20_PRICES(1.0),"G20 - Consumer price indices, all items",I,EA20,Euro area (20 countries),M,Monthly,HICP,Eurostat harmonised index of consumer prices (HICP),CPI,Consumer price index,PA,Percent per annum,_T,Total,N,Neither seasonally adjusted nor calendar adjusted,GY,"Growth rate, over 1 year",2024-09,,1.7,,A,Normal value,0,Units,,,,,1,One
DATAFLOW,OECD.SDD.TPS:DSD_G20_PRICES@DF_G20_PRICES(1.0),"G20 - Consumer price indices, all items",I,EA20,Euro area (20 countries),M,Monthly,HICP,Eurostat harmonised index of consumer prices (HICP),CPI,Consumer price index,PA,Percent per annum,_T,Total,N,Neither seasonally adjusted nor calendar adjusted,GY,"Growth rate, over 1 year",2024-10,,2,,A,Normal value,0,Units,,,,,1,One
DATAFLOW,OECD.SDD.TPS:DSD_G20_PRICES@DF_G20_PRICES(1.0),"G20 - Consumer price indices, all items",I,EA20,Euro area (20 countries),M,Monthly,HICP,Eurostat harmonised index of consumer prices (HICP),CPI,Consumer price index,PA,Percent per annum,_T,Total,N,Neither seasonally adjusted nor calendar adjusted,GY,"Growth rate, over 1 year",2024-11,,2.2,,A,Normal value,0,Units,,,,,1,One
DATAFLOW,OECD.SDD.TPS:DSD_G20_PRICES@DF_G20_PRICES(1.0),"G20 - Consumer price indices, all items",I,EA20,Euro area (20 countries),M,Monthly,HICP,Eurostat harmonised index of consumer prices (HICP),CPI,Consumer price index,PA,Percent per annum,_T,Total,N,Neither seasonally adjusted nor calendar adjusted,GY,"Growth rate, over 1 year",2024-12,,2.4,,A,Normal value,0,Units,,,,,1,One
DATAFLOW,OECD.SDD.TPS:DSD_G20_PRICES@DF_G20_PRICES(1.0),"G20 - Consumer price indices, all items",I,EA20,Euro area (20 countries),M,Monthly,HICP,Eurostat harmonised index of consumer prices (HICP),CPI,Consumer price index,PA,Percent per annum,_T,Total,N,Neither seasonally adjusted nor calendar adjusted,GY,"Growth rate, over 1 year",2025-01,,2.5,,A,Normal value,0,Units,,,,,1,One
DATAFLOW,OECD.SDD.TPS:DSD_G20_PRICES@DF_G20_PRICES(1.0),"G20 - Consumer price indices, all items",I,EA20,Euro area (20 countries),M,Monthly,HICP,Eurostat harmonised index of consumer prices (HICP),CPI,Consumer price index,PA,Percent per annum,_T,Total,N,Neither seasonally adjusted nor calendar adjusted,GY,"Growth rate, over 1 year",2025-02,,2.3,,A,Normal value,0,Units,,,,,1,One
DATAFLOW,OECD.SDD.TPS:DSD_G20_PRICES@DF_G20_PRICES(1.0),"G20 - Consumer price indices, all items",I,EA20,Euro area (20 countries),M,Monthly,HICP,Eurostat harmonised index of consumer prices (HICP),CPI,Consumer price index,PA,Percent per annum,_T,Total,N,Neither seasonally adjusted nor calendar adjusted,GY,"Growth rate, over 1 year",2025-03,,2.2,,A,Normal value,0,Units,,,,,1,One
DATAFLOW,OECD.SDD.TPS:DSD_G20_PRICES@DF_G20_PRICES(1.0),"G20 - Consumer price indices, all items",I,EA20,Euro area (20 countries),M,Monthly,HICP,Eurostat harmonised index of consumer prices (HICP),CPI,Consumer price index,PA,Percent per annum,_T,Total,N,Neither seasonally adjusted nor calendar adjusted,GY,"Growth rate, over 1 year",2025-04,,2.2,,A,Normal value,0,Units,,,,,1,One
DATAFLOW,OECD.SDD.TPS:DSD_G20_PRICES@DF_G20_PRICES(1.0),"G20 - Consumer price indices, all items",I,EA20,Euro area (20 countries),M,Monthly,HICP,Eurostat harmonised index of consumer prices (HICP),CPI,Consumer price index,PA,Percent per annum,_T,Total,N,Neither seasonally adjusted nor calendar adjusted,GY,"Growth rate, over 1 year",2025-05,,1.9,,A,Normal value,0,Units,,,,,1,One
DATAFLOW,OECD.SDD.TPS:DSD_G20_PRICES@DF_G20_PRICES(1.0),"G20 - Consumer price indices, all items",I,EA20,Euro area (20 countries),M,Monthly,HICP,Eurostat harmonised index of consumer prices (HICP),CPI,Consumer price index,PA,Percent per annum,_T,Total,N,Neither seasonally adjusted nor calendar adjusted,GY,"Growth rate, over 1 year",2025-06,,2,,A,Normal value,0,Units,,,,,1,One
DATAFLOW,OECD.SDD.TPS:DSD_G20_PRICES@DF_G20_PRICES(1.0),"G20 - Consumer price indices, all items",I,EA20,Euro area (20 countries),M,Monthly,HICP,Eurostat harmonised index of consumer prices (HICP),CPI,Consumer price index,PA,Percent per annum,_T,Total,N,Neither seasonally adjusted nor calendar adjusted,GY,"Growth rate, over 1 year",2025-07,,2,,A,Normal value,0,Units,,,,,1,One
DATAFLOW,OECD.SDD.TPS:DSD_G20_PRICES@DF_G20_PRICES(1.0),"G20 - Consumer price indices, all items",I,EA20,Euro area (20 countries),M,Monthly,HICP,Eurostat harmonised index of consumer prices (HICP),CPI,Consumer price index,PA,Percent per annum,_T,Total,N,Neither seasonally adjusted nor calendar adjusted,GY,"Growth rate, over 1 year",2025-08,,2.1,,A,Normal value,0,Units,,,,,1,One
DATAFLOW,OECD.SDD.TPS:DSD_G20_PRICES@DF_G20_PRICES(1.0),"G20 - Consumer price indices, all items",I,EA20,Euro area (20 countries),M,Monthly,HICP,Eurostat harmonised index of consumer prices (HICP),CPI,Consumer price index,PA,Percent per annum,_T,Total,N,Neither seasonally adjusted nor calendar adjusted,GY,"Growth rate, over 1 year",2025-09,,2.2,,A,Normal value,0,Units,,,,,1,One
DATAFLOW,OECD.SDD.TPS:DSD_G20_PRICES@DF_G20_PRICES(1.0),"G20 - Consumer price indices, all items",I,EU27_2020,European Union (27 countries from 01/02/2020),M,Monthly,HICP,Eurostat harmonised index of consumer prices (HICP),CPI,Consumer price index,PA,Percent per annum,_T,Total,N,Neither seasonally adjusted nor calendar adjusted,GY,"Growth rate, over 1 year",2024-09,,2.1,,A,Normal value,0,Units,,,,,1,One
DATAFLOW,OECD.SDD.TPS:DSD_G20_PRICES@DF_G20_PRICES(1.0),"G20 - Consumer price indices, all items",I,EU27_2020,European Union (27 countries from 01/02/2020),M,Monthly,HICP,Eurostat harmonised index of consumer prices (HICP),CPI,Consumer price index,PA,Percent per annum,_T,Total,N,Neither seasonally adjusted nor calendar adjusted,GY,"Growth rate, over 1 year",2024-10,,2.3,,A,Normal value,0,Units,,,,,1,One
DATAFLOW,OECD.SDD.TPS:DSD_G20_PRICES@DF_G20_PRICES(1.0),"G20 - Consumer price indices, all items",I,EU27_2020,European Union (27 countries from 01/02/2020),M,Monthly,HICP,Eurostat harmonised index of consumer prices (HICP),CPI,Consumer price index,PA,Percent per annum,_T,Total,N,Neither seasonally adjusted nor calendar adjusted,GY,"Growth rate, over 1 year",2024-11,,2.5,,A,Normal value,0,Units,,,,,1,One
DATAFLOW,OECD.SDD.TPS:DSD_G20_PRICES@DF_G20_PRICES(1.0),"G20 - Consumer price indices, all items",I,EU27_2020,European Union (27 countries from 01/02/2020),M,Monthly,HICP,Eurostat harmonised index of consumer prices (HICP),CPI,Consumer price index,PA,Percent per annum,_T,Total,N,Neither seasonally adjusted nor calendar adjusted,GY,"Growth rate, over 1 year",2024-12,,2.7,,A,Normal value,0,Units,,,,,1,One
DATAFLOW,OECD.SDD.TPS:DSD_G20_PRICES@DF_G20_PRICES(1.0),"G20 - Consumer price indices, all items",I,EU27_2020,European Union (27 countries from 01/02/2020),M,Monthly,HICP,Eurostat harmonised index of consumer prices (HICP),CPI,Consumer price index,PA,Percent per annum,_T,Total,N,Neither seasonally adjusted nor calendar adjusted,GY,"Growth rate, over 1 year",2025-01,,2.8,,A,Normal value,0,Units,,,,,1,One
DATAFLOW,OECD.SDD.TPS:DSD_G20_PRICES@DF_G20_PRICES(1.0),"G20 - Consumer price indices, all items",I,EU27_2020,European Union (27 countries from 01/02/2020),M,Monthly,HICP,Eurostat harmonised index of consumer prices (HICP),CPI,Consumer price index,PA,Percent per annum,_T,Total,N,Neither seasonally adjusted nor calendar adjusted,GY,"Growth rate, over 1 year",2025-02,,2.7,,A,Normal value,0,Units,,,,,1,One
DATAFLOW,OECD.SDD.TPS:DSD_G20_PRICES@DF_G20_PRICES(1.0),"G20 - Consumer price indices, all items",I,EU27_2020,European Union (27 countries from 01/02/2020),M,Monthly,HICP,Eurostat harmonised index of consumer prices (HICP),CPI,Consumer price index,PA,Percent per annum,_T,Total,N,Neither seasonally adjusted nor calendar adjusted,GY,"Growth rate, over 1 year",2025-03,,2.5,,A,Normal value,0,Units,,,,,1,One
DATAFLOW,OECD.SDD.TPS:DSD_G20_PRICES@DF_G20_PRICES(1.0),"G20 - Consumer price indices, all items",I,EU27_2020,European Union (27 countries from 01/02/2020),M,Monthly,HICP,Eurostat harmonised index of consumer prices (HICP),CPI,Consumer price index,PA,Percent per annum,_T,Total,N,Neither seasonally adjusted nor calendar adjusted,GY,"Growth rate, over 1 year",2025-04,,2.4,,A,Normal value,0,Units,,,,,1,One
DATAFLOW,OECD.SDD.TPS:DSD_G20_PRICES@DF_G20_PRICES(1.0),"G20 - Consumer price indices, all items",I,EU27_2020,European Union (27 countries from 01/02/2020),M,Monthly,HICP,Eurostat harmonised index of consumer prices (HICP),CPI,Consumer price index,PA,Percent per annum,_T,Total,N,Neither seasonally adjusted nor calendar adjusted,GY,"Growth rate, over 1 year",2025-05,,2.2,,A,Normal value,0,Units,,,,,1,One
DATAFLOW,OECD.SDD.TPS:DSD_G20_PRICES@DF_G20_PRICES(1.0),"G20 - Consumer price indices, all items",I,EU27_2020,European Union (27 countries from 01/02/2020),M,Monthly,HICP,Eurostat harmonised index of consumer prices (HICP),CPI,Consumer price index,PA,Percent per annum,_T,Total,N,Neither seasonally adjusted nor calendar adjusted,GY,"Growth rate, over 1 year",2025-06,,2.3,,A,Normal value,0,Units,,,,,1,One
DATAFLOW,OECD.SDD.TPS:DSD_G20_PRICES@DF_G20_PRICES(1.0),"G20 - Consumer price indices, all items",I,EU27_2020,European Union (27 countries from 01/02/2020),M,Monthly,HICP,Eurostat harmonised index of consumer prices (HICP),CPI,Consumer price index,PA,Percent per annum,_T,Total,N,Neither seasonally adjusted nor calendar adjusted,GY,"Growth rate, over 1 year",2025-07,,2.4,,A,Normal value,0,Units,,,,,1,One
DATAFLOW,OECD.SDD.TPS:DSD_G20_PRICES@DF_G20_PRICES(1.0),"G20 - Consumer price indices, all items",I,EU27_2020,European Union (27 countries from 01/02/2020),M,Monthly,HICP,Eurostat harmonised index of consumer prices (HICP),CPI,Consumer price index,PA,Percent per annum,_T,Total,N,Neither seasonally adjusted nor calendar adjusted,GY,"Growth rate, over 1 year",2025-08,,2.4,,A,Normal value,0,Units,,,,,1,One
DATAFLOW,OECD.SDD.TPS:DSD_G20_PRICES@DF_G20_PRICES(1.0),"G20 - Consumer price indices, all items",I,EU27_2020,European Union (27 countries from 01/02/2020),M,Monthly,HICP,Eurostat harmonised index of consumer prices (HICP),CPI,Consumer price index,PA,Percent per annum,_T,Total,N,Neither seasonally adjusted nor calendar adjusted,GY,"Growth rate, over 1 year",2025-09,,2.6,,A,Normal value,0,Units,,,,,1,One
DATAFLOW,OECD.SDD.TPS:DSD_G20_PRICES@DF_G20_PRICES(1.0),"G20 - Consumer price indices, all items",I,ARG,Argentina,M,Monthly,N,National,CPI,Consumer price index,PA,Percent per annum,_T,Total,N,Neither seasonally adjusted nor calendar adjusted,GY,"Growth rate, over 1 year",2024-09,,209.0011,,A,Normal value,0,Units,,,,,1,One
DATAFLOW,OECD.SDD.TPS:DSD_G20_PRICES@DF_G20_PRICES(1.0),"G20 - Consumer price indices, all items",I,ARG,Argentina,M,Monthly,N,National,CPI,Consumer price index,PA,Percent per annum,_T,Total,N,Neither seasonally adjusted nor calendar adjusted,GY,"Growth rate, over 1 year",2024-10,,192.995,,A,Normal value,0,Units,,,,,1,One
DATAFLOW,OECD.SDD.TPS:DSD_G20_PRICES@DF_G20_PRICES(1.0),"G20 - Consumer price indices, all items",I,ARG,Argentina,M,Monthly,N,National,CPI,Consumer price index,PA,Percent per annum,_T,Total,N,Neither seasonally adjusted nor calendar adjusted,GY,"Growth rate, over 1 year",2024-11,,166.025,,A,Normal value,0,Units,,,,,1,One
DATAFLOW,OECD.SDD.TPS:DSD_G20_PRICES@DF_G20_PRICES(1.0),"G20 - Consumer price indices, all items",I,ARG,Argentina,M,Monthly,N,National,CPI,Consumer price index,PA,Percent per annum,_T,Total,N,Neither seasonally adjusted nor calendar adjusted,GY,"Growth rate, over 1 year",2024-12,,117.7636,,A,Normal value,0,Units,,,,,1,One
DATAFLOW,OECD.SDD.TPS:DSD_G20_PRICES@DF_G20_PRICES(1.0),"G20 - Consumer price indices, all items",I,ARG,Argentina,M,Monthly,N,National,CPI,Consumer price index,PA,Percent per annum,_T,Total,N,Neither seasonally adjusted nor calendar adjusted,GY,"Growth rate, over 1 year",2025-01,,84.53751,,A,Normal value,0,Units,,,,,1,One
DATAFLOW,OECD.SDD.TPS:DSD_G20_PRICES@DF_G20_PRICES(1.0),"G20 - Consumer price indices, all items",I,ARG,Argentina,M,Monthly,N,National,CPI,Consumer price index,PA,Percent per annum,_T,Total,N,Neither seasonally adjusted nor calendar adjusted,GY,"Growth rate, over 1 year",2025-02,,66.87415,,A,Normal value,0,Units,,,,,1,One
DATAFLOW,OECD.SDD.TPS:DSD_G20_PRICES@DF_G20_PRICES(1.0),"G20 - Consumer price indices, all items",I,ARG,Argentina,M,Monthly,N,National,CPI,Consumer price index,PA,Percent per annum,_T,Total,N,Neither seasonally adjusted nor calendar adjusted,GY,"Growth rate, over 1 year",2025-03,,55.93002,,A,Normal value,0,Units,,,,,1,One
DATAFLOW,OECD.SDD.TPS:DSD_G20_PRICES@DF_G20_PRICES(1.0),"G20 - Consumer price indices, all items",I,ARG,Argentina,M,Monthly,N,National,CPI,Consumer price index,PA,Percent per annum,_T,Total,N,Neither seasonally adjusted nor calendar adjusted,GY,"Growth rate, over 1 year",2025-04,,47.26027,,A,Normal value,0,Units,,,,,1,One
DATAFLOW,OECD.SDD.TPS:DSD_G20_PRICES@DF_G20_PRICES(1.0),"G20 - Consumer price indices, all items",I,ARG,Argentina,M,Monthly,N,National,CPI,Consumer price index,PA,Percent per annum,_T,Total,N,Neither seasonally adjusted nor calendar adjusted,GY,"Growth rate, over 1 year",2025-05,,43.47866,,A,Normal value,0,Units,,,,,1,One
DATAFLOW,OECD.SDD.TPS:DSD_G20_PRICES@DF_G20_PRICES(1.0),"G20 - Consumer price indices, all items",I,ARG,Argentina,M,Monthly,N,National,CPI,Consumer price index,PA,Percent per annum,_T,Total,N,Neither seasonally adjusted nor calendar adjusted,GY,"Growth rate, over 1 year",2025-06,,39.42012,,A,Normal value,0,Units,,,,,1,One
DATAFLOW,OECD.SDD.TPS:DSD_G20_PRICES@DF_G20_PRICES(1.0),"G20 - Consumer price indices, all items",I,ARG,Argentina,M,Monthly,N,National,CPI,Consumer price index,PA,Percent per annum,_T,Total,N,Neither seasonally adjusted nor calendar adjusted,GY,"Growth rate, over 1 year",2025-07,,36.56654,,A,Normal value,0,Units,,,,,1,One
DATAFLOW,OECD.SDD.TPS:DSD_G20_PRICES@DF_G20_PRICES(1.0),"G20 - Consumer price indices, all items",I,ARG,Argentina,M,Monthly,N,National,CPI,Consumer price index,PA,Percent per annum,_T,Total,N,Neither seasonally adjusted nor calendar adjusted,GY,"Growth rate, over 1 year",2025-08,,33.55593,,A,Normal value,0,Units,,,,,1,One
DATAFLOW,OECD.SDD.TPS:DSD_G20_PRICES@DF_G20_PRICES(1.0),"G20 - Consumer price indices, all items",I,ARG,Argentina,M,Monthly,N,National,CPI,Consumer price index,PA,Percent per annum,_T,Total,N,Neither seasonally adjusted nor calendar adjusted,GY,"Growth rate, over 1 year",2025-09,,31.75756,,A,Normal value,0,Units,,,,,1,One
DATAFLOW,OECD.SDD.TPS:DSD_G20_PRICES@DF_G20_PRICES(1.0),"G20 - Consumer price indices, all items",I,BRA,Brazil,M,Monthly,N,National,CPI,Consumer price index,PA,Percent per annum,_T,Total,N,Neither seasonally adjusted nor calendar adjusted,GY,"Growth rate, over 1 year",2024-09,,4.424788,,A,Normal value,0,Units,,,,,1,One
DATAFLOW,OECD.SDD.TPS:DSD_G20_PRICES@DF_G20_PRICES(1.0),"G20 - Consumer price indices, all items",I,BRA,Brazil,M,Monthly,N,National,CPI,Consumer price index,PA,Percent per annum,_T,Total,N,Neither seasonally adjusted nor calendar adjusted,GY,"Growth rate, over 1 year",2024-10,,4.758112,,A,Normal value,0,Units,,,,,1,One
DATAFLOW,OECD.SDD.TPS:DSD_G20_PRICES@DF_G20_PRICES(1.0),"G20 - Consumer price indices, all items",I,BRA,Brazil,M,Monthly,N,National,CPI,Consumer price index,PA,Percent per annum,_T,Total,N,Neither seasonally adjusted nor calendar adjusted,GY,"Growth rate, over 1 year",2024-11,,4.87295,,A,Normal value,0,Units,,,,,1,One
DATAFLOW,OECD.SDD.TPS:DSD_G20_PRICES@DF_G20_PRICES(1.0),"G20 - Consumer price indices, all items",I,BRA,Brazil,M,Monthly,N,National,CPI,Consumer price index,PA,Percent per annum,_T,Total,N,Neither seasonally adjusted nor calendar adjusted,GY,"Growth rate, over 1 year",2024-12,,4.831197,,A,Normal value,0,Units,,,,,1,One
DATAFLOW,OECD.SDD.TPS:DSD_G20_PRICES@DF_G20_PRICES(1.0),"G20 - Consumer price indices, all items",I,BRA,Brazil,M,Monthly,N,National,CPI,Consumer price index,PA,Percent per annum,_T,Total,N,Neither seasonally adjusted nor calendar adjusted,GY,"Growth rate, over 1 year",2025-01,,4.559729,,A,Normal value,0,Units,,,,,1,One
DATAFLOW,OECD.SDD.TPS:DSD_G20_PRICES@DF_G20_PRICES(1.0),"G20 - Consumer price indices, all items",I,BRA,Brazil,M,Monthly,N,National,CPI,Consumer price index,PA,Percent per annum,_T,Total,N,Neither seasonally adjusted nor calendar adjusted,GY,"Growth rate, over 1 year",2025-02,,5.057617,,A,Normal value,0,Units,,,,,1,One
DATAFLOW,OECD.SDD.TPS:DSD_G20_PRICES@DF_G20_PRICES(1.0),"G20 - Consumer price indices, all items",I,BRA,Brazil,M,Monthly,N,National,CPI,Consumer price index,PA,Percent per annum,_T,Total,N,Neither seasonally adjusted nor calendar adjusted,GY,"Growth rate, over 1 year",2025-04,,5.529902,,A,Normal value,0,Units,,,,,1,One
DATAFLOW,OECD.SDD.TPS:DSD_G20_PRICES@DF_G20_PRICES(1.0),"G20 - Consumer price indices, all items",I,BRA,Brazil,M,Monthly,N,National,CPI,Consumer price index,PA,Percent per annum,_T,Total,N,Neither seasonally adjusted nor calendar adjusted,GY,"Growth rate, over 1 year",2025-05,,5.319794,,A,Normal value,0,Units,,,,,1,One
DATAFLOW,OECD.SDD.TPS:DSD_G20_PRICES@DF_G20_PRICES(1.0),"G20 - Consumer price indices, all items",I,BRA,Brazil,M,Monthly,N,National,CPI,Consumer price index,PA,Percent per annum,_T,Total,N,Neither seasonally adjusted nor calendar adjusted,GY,"Growth rate, over 1 year",2025-06,,5.351285,,A,Normal value,0,Units,,,,,1,One
DATAFLOW,OECD.SDD.TPS:DSD_G20_PRICES@DF_G20_PRICES(1.0),"G20 - Consumer price indices, all items",I,BRA,Brazil,M,Monthly,N,National,CPI,Consumer price index,PA,Percent per annum,_T,Total,N,Neither seasonally adjusted nor calendar adjusted,GY,"Growth rate, over 1 year",2025-07,,5.225255,,A,Normal value,0,Units,,,,,1,One
DATAFLOW,OECD.SDD.TPS:DSD_G20_PRICES@DF_G20_PRICES(1.0),"G20 - Consumer price indices, all items",I,BRA,Brazil,M,Monthly,N,National,CPI,Consumer price index,PA,Percent per annum,_T,Total,N,Neither seasonally adjusted nor calendar adjusted,GY,"Growth rate, over 1 year",2025-08,,5.13041,,A,Normal value,0,Units,,,,,1,One
DATAFLOW,OECD.SDD.TPS:DSD_G20_PRICES@DF_G20_PRICES(1.0),"G20 - Consumer price indices, all items",I,BRA,Brazil,M,Monthly,N,National,CPI,Consumer price index,PA,Percent per annum,_T,Total,N,Neither seasonally adjusted nor calendar adjusted,GY,"Growth rate, over 1 year",2025-09,,5.172249,,A,Normal value,0,Units,,,,,1,One
DATAFLOW,OECD.SDD.TPS:DSD_G20_PRICES@DF_G20_PRICES(1.0),"G20 - Consumer price indices, all items",I,CHN,China (People’s Republic of),M,Monthly,N,National,CPI,Consumer price index,PA,Percent per annum,_T,Total,N,Neither seasonally adjusted nor calendar adjusted,GY,"Growth rate, over 1 year",2024-09,,0.4,,A,Normal value,0,Units,,,,,1,One
DATAFLOW,OECD.SDD.TPS:DSD_G20_PRICES@DF_G20_PRICES(1.0),"G20 - Consumer price indices, all items",I,CHN,China (People’s Republic of),M,Monthly,N,National,CPI,Consumer price index,PA,Percent per annum,_T,Total,N,Neither seasonally adjusted nor calendar adjusted,GY,"Growth rate, over 1 year",2024-10,,0.3,,A,Normal value,0,Units,,,,,1,One
DATAFLOW,OECD.SDD.TPS:DSD_G20_PRICES@DF_G20_PRICES(1.0),"G20 - Consumer price indices, all items",I,CHN,China (People’s Republic of),M,Monthly,N,National,CPI,Consumer price index,PA,Percent per annum,_T,Total,N,Neither seasonally adjusted nor calendar adjusted,GY,"Growth rate, over 1 year",2024-11,,0.2,,A,Normal value,0,Units,,,,,1,One
DATAFLOW,OECD.SDD.TPS:DSD_G20_PRICES@DF_G20_PRICES(1.0),"G20 - Consumer price indices, all items",I,CHN,China (People’s Republic of),M,Monthly,N,National,CPI,Consumer price index,PA,Percent per annum,_T,Total,N,Neither seasonally adjusted nor calendar adjusted,GY,"Growth rate, over 1 year",2024-12,,0.1,,A,Normal value,0,Units,,,,,1,One
DATAFLOW,OECD.SDD.TPS:DSD_G20_PRICES@DF_G20_PRICES(1.0),"G20 - Consumer price indices, all items",I,CHN,China (People’s Republic of),M,Monthly,N,National,CPI,Consumer price index,PA,Percent per annum,_T,Total,N,Neither seasonally adjusted nor calendar adjusted,GY,"Growth rate, over 1 year",2025-01,,0.5,,A,Normal value,0,Units,,,,,1,One
DATAFLOW,OECD.SDD.TPS:DSD_G20_PRICES@DF_G20_PRICES(1.0),"G20 - Consumer price indices, all items",I,CHN,China (People’s Republic of),M,Monthly,N,National,CPI,Consumer price index,PA,Percent per annum,_T,Total,N,Neither seasonally adjusted nor calendar adjusted,GY,"Growth rate, over 1 year",2025-02,,-0.7,,A,Normal value,0,Units,,,,,1,One
DATAFLOW,OECD.SDD.TPS:DSD_G20_PRICES@DF_G20_PRICES(1.0),"G20 - Consumer price indices, all items",I,CHN,China (People’s Republic of),M,Monthly,N,National,CPI,Consumer price index,PA,Percent per annum,_T,Total,N,Neither seasonally adjusted nor calendar adjusted,GY,"Growth rate, over 1 year",2025-03,,-0.1,,A,Normal value,0,Units,,,,,1,One
DATAFLOW,OECD.SDD.TPS:DSD_G20_PRICES@DF_G20_PRICES(1.0),"G20 - Consumer price indices, all items",I,CHN,China (People’s Republic of),M,Monthly,N,National,CPI,Consumer price index,PA,Percent per annum,_T,Total,N,Neither seasonally adjusted nor calendar adjusted,GY,"Growth rate, over 1 year",2025-04,,-0.1,,A,Normal value,0,Units,,,,,1,One
DATAFLOW,OECD.SDD.TPS:DSD_G20_PRICES@DF_G20_PRICES(1.0),"G20 - Consumer price indices, all items",I,CHN,China (People’s Republic of),M,Monthly,N,National,CPI,Consumer price index,PA,Percent per annum,_T,Total,N,Neither seasonally adjusted nor calendar adjusted,GY,"Growth rate, over 1 year",2025-05,,-0.1,,A,Normal value,0,Units,,,,,1,One
DATAFLOW,OECD.SDD.TPS:DSD_G20_PRICES@DF_G20_PRICES(1.0),"G20 - Consumer price indices, all items",I,CHN,China (People’s Republic of),M,Monthly,N,National,CPI,Consumer price index,PA,Percent per annum,_T,Total,N,Neither seasonally adjusted nor calendar adjusted,GY,"Growth rate, over 1 year",2025-06,,0.1,,A,Normal value,0,Units,,,,,1,One
DATAFLOW,OECD.SDD.TPS:DSD_G20_PRICES@DF_G20_PRICES(1.0),"G20 - Consumer price indices, all items",I,CHN,China (People’s Republic of),M,Monthly,N,National,CPI,Consumer price index,PA,Percent per annum,_T,Total,N,Neither seasonally adjusted nor calendar adjusted,GY,"Growth rate, over 1 year",2025-07,,0,,A,Normal value,0,Units,,,,,1,One
DATAFLOW,OECD.SDD.TPS:DSD_G20_PRICES@DF_G20_PRICES(1.0),"G20 - Consumer price indices, all items",I,CHN,China (People’s Republic of),M,Monthly,N,National,CPI,Consumer price index,PA,Percent per annum,_T,Total,N,Neither seasonally adjusted nor calendar adjusted,GY,"Growth rate, over 1 year",2025-08,,-0.4,,A,Normal value,0,Units,,,,,1,One
DATAFLOW,OECD.SDD.TPS:DSD_G20_PRICES@DF_G20_PRICES(1.0),"G20 - Consumer price indices, all items",I,CHN,China (People’s Republic of),M,Monthly,N,National,CPI,Consumer price index,PA,Percent per annum,_T,Total,N,Neither seasonally adjusted nor calendar adjusted,GY,"Growth rate, over 1 year",2025-09,,-0.3,,A,Normal value,0,Units,,,,,1,One
DATAFLOW,OECD.SDD.TPS:DSD_G20_PRICES@DF_G20_PRICES(1.0),"G20 - Consumer price indices, all items",I,IND,India,M,Monthly,N,National,CPI,Consumer price index,PA,Percent per annum,_T,Total,N,Neither seasonally adjusted nor calendar adjusted,GY,"Growth rate, over 1 year",2024-09,,4.218182,,A,Normal value,0,Units,,,,,1,One
DATAFLOW,OECD.SDD.TPS:DSD_G20_PRICES@DF_G20_PRICES(1.0),"G20 - Consumer price indices, all items",I,IND,India,M,Monthly,N,National,CPI,Consumer price index,PA,Percent per annum,_T,Total,N,Neither seasonally adjusted nor calendar adjusted,GY,"Growth rate, over 1 year",2024-10,,4.407515,,A,Normal value,0,Units,,,,,1,One
DATAFLOW,OECD.SDD.TPS:DSD_G20_PRICES@DF_G20_PRICES(1.0),"G20 - Consumer price indices, all items",I,IND,India,M,Monthly,N,National,CPI,Consumer price index,PA,Percent per annum,_T,Total,N,Neither seasonally adjusted nor calendar adjusted,GY,"Growth rate, over 1 year",2024-11,,3.882099,,A,Normal value,0,Units,,,,,1,One
DATAFLOW,OECD.SDD.TPS:DSD_G20_PRICES@DF_G20_PRICES(1.0),"G20 - Consumer price indices, all items",I,IND,India,M,Monthly,N,National,CPI,Consumer price index,PA,Percent per annum,_T,Total,N,Neither seasonally adjusted nor calendar adjusted,GY,"Growth rate, over 1 year",2024-12,,3.530259,,A,Normal value,0,Units,,,,,1,One
DATAFLOW,OECD.SDD.TPS:DSD_G20_PRICES@DF_G20_PRICES(1.0),"G20 - Consumer price indices, all items",I,IND,India,M,Monthly,N,National,CPI,Consumer price index,PA,Percent per annum,_T,Total,N,Neither seasonally adjusted nor calendar adjusted,GY,"Growth rate, over 1 year",2025-01,,3.095752,,A,Normal value,0,Units,,,,,1,One
DATAFLOW,OECD.SDD.TPS:DSD_G20_PRICES@DF_G20_PRICES(1.0),"G20 - Consumer price indices, all items",I,IND,India,M,Monthly,N,National,CPI,Consumer price index,PA,Percent per annum,_T,Total,N,Neither seasonally adjusted nor calendar adjusted,GY,"Growth rate, over 1 year",2025-02,,2.586207,,A,Normal value,0,Units,,,,,1,One
DATAFLOW,OECD.SDD.TPS:DSD_G20_PRICES@DF_G20_PRICES(1.0),"G20 - Consumer price indices, all items",I,IND,India,M,Monthly,N,National,CPI,Consumer price index,PA,Percent per annum,_T,Total,N,Neither seasonally adjusted nor calendar adjusted,GY,"Growth rate, over 1 year",2025-03,,2.951764,,A,Normal value,0,Units,,,,,1,One
DATAFLOW,OECD.SDD.TPS:DSD_G20_PRICES@DF_G20_PRICES(1.0),"G20 - Consumer price indices, all items",I,IND,India,M,Monthly,N,National,CPI,Consumer price index,PA,Percent per annum,_T,Total,N,Neither seasonally adjusted nor calendar adjusted,GY,"Growth rate, over 1 year",2025-04,,2.941176,,A,Normal value,0,Units,,,,,1,One
DATAFLOW,OECD.SDD.TPS:DSD_G20_PRICES@DF_G20_PRICES(1.0),"G20 - Consumer price indices, all items",I,IND,India,M,Monthly,N,National,CPI,Consumer price index,PA,Percent per annum,_T,Total,N,Neither seasonally adjusted nor calendar adjusted,GY,"Growth rate, over 1 year",2025-05,,2.930665,,A,Normal value,0,Units,,,,,1,One
DATAFLOW,OECD.SDD.TPS:DSD_G20_PRICES@DF_G20_PRICES(1.0),"G20 - Consumer price indices, all items",I,IND,India,M,Monthly,N,National,CPI,Consumer price index,PA,Percent per annum,_T,Total,N,Neither seasonally adjusted nor calendar adjusted,GY,"Growth rate, over 1 year",2025-06,,2.545969,,A,Normal value,0,Units,,,,,1,One
DATAFLOW,OECD.SDD.TPS:DSD_G20_PRICES@DF_G20_PRICES(1.0),"G20 - Consumer price indices, all items",I,IND,India,M,Monthly,N,National,CPI,Consumer price index,PA,Percent per annum,_T,Total,N,Neither seasonally adjusted nor calendar adjusted,GY,"Growth rate, over 1 year",2025-07,,2.662929,,A,Normal value,0,Units,,,,,1,One
DATAFLOW,OECD.SDD.TPS:DSD_G20_PRICES@DF_G20_PRICES(1.0),"G20 - Consumer price indices, all items",I,IDN,Indonesia,M,Monthly,N,National,CPI,Consumer price index,PA,Percent per annum,_T,Total,N,Neither seasonally adjusted nor calendar adjusted,GY,"Growth rate, over 1 year",2024-09,,1.84,,A,Normal value,0,Units,,,,,1,One
DATAFLOW,OECD.SDD.TPS:DSD_G20_PRICES@DF_G20_PRICES(1.0),"G20 - Consumer price indices, all items",I,IDN,Indonesia,M,Monthly,N,National,CPI,Consumer price index,PA,Percent per annum,_T,Total,N,Neither seasonally adjusted nor calendar adjusted,GY,"Growth rate, over 1 year",2024-10,,1.71,,A,Normal value,0,Units,,,,,1,One
DATAFLOW,OECD.SDD.TPS:DSD_G20_PRICES@DF_G20_PRICES(1.0),"G20 - Consumer price indices, all items",I,IDN,Indonesia,M,Monthly,N,National,CPI,Consumer price index,PA,Percent per annum,_T,Total,N,Neither seasonally adjusted nor calendar adjusted,GY,"Growth rate, over 1 year",2024-11,,1.55,,A,Normal value,0,Units,,,,,1,One
DATAFLOW,OECD.SDD.TPS:DSD_G20_PRICES@DF_G20_PRICES(1.0),"G20 - Consumer price indices, all items",I,IDN,Indonesia,M,Monthly,N,National,CPI,Consumer price index,PA,Percent per annum,_T,Total,N,Neither seasonally adjusted nor calendar adjusted,GY,"Growth rate, over 1 year",2024-12,,1.57,,A,Normal value,0,Units,,,,,1,One
DATAFLOW,OECD.SDD.TPS:DSD_G20_PRICES@DF_G20_PRICES(1.0),"G20 - Consumer price indices, all items",I,IDN,Indonesia,M,Monthly,N,National,CPI,Consumer price index,PA,Percent per annum,_T,Total,N,Neither seasonally adjusted nor calendar adjusted,GY,"Growth rate, over 1 year",2025-01,,0.76,,A,Normal value,0,Units,,,,,1,One
DATAFLOW,OECD.SDD.TPS:DSD_G20_PRICES@DF_G20_PRICES(1.0),"G20 - Consumer price indices, all items",I,IDN,Indonesia,M,Monthly,N,National,CPI,Consumer price index,PA,Percent per annum,_T,Total,N,Neither seasonally adjusted nor calendar adjusted,GY,"Growth rate, over 1 year",2025-02,,-0.09,,A,Normal value,0,Units,,,,,1,One
DATAFLOW,OECD.SDD.TPS:DSD_G20_PRICES@DF_G20_PRICES(1.0),"G20 - Consumer price indices, all items",I,IDN,Indonesia,M,Monthly,N,National,CPI,Consumer price index,PA,Percent per annum,_T,Total,N,Neither seasonally adjusted nor calendar adjusted,GY,"Growth rate, over 1 year",2025-03,,1.03,,A,Normal value,0,Units,,,,,1,One
DATAFLOW,OECD.SDD.TPS:DSD_G20_PRICES@DF_G20_PRICES(1.0),"G20 - Consumer price indices, all items",I,IDN,Indonesia,M,Monthly,N,National,CPI,Consumer price index,PA,Percent per annum,_T,Total,N,Neither seasonally adjusted nor calendar adjusted,GY,"Growth rate, over 1 year",2025-04,,1.95,,A,Normal value,0,Units,,,,,1,One
DATAFLOW,OECD.SDD.TPS:DSD_G20_PRICES@DF_G20_PRICES(1.0),"G20 - Consumer price indices, all items",I,IDN,Indonesia,M,Monthly,N,National,CPI,Consumer price index,PA,Percent per annum,_T,Total,N,Neither seasonally adjusted nor calendar adjusted,GY,"Growth rate, over 1 year",2025-05,,1.6,,A,Normal value,0,Units,,,,,1,One
DATAFLOW,OECD.SDD.TPS:DSD_G20_PRICES@DF_G20_PRICES(1.0),"G20 - Consumer price indices, all items",I,IDN,Indonesia,M,Monthly,N,National,CPI,Consumer price index,PA,Percent per annum,_T,Total,N,Neither seasonally adjusted nor calendar adjusted,GY,"Growth rate, over 1 year",2025-06,,1.87,,A,Normal value,0,Units,,,,,1,One
DATAFLOW,OECD.SDD.TPS:DSD_G20_PRICES@DF_G20_PRICES(1.0),"G20 - Consumer price indices, all items",I,IDN,Indonesia,M,Monthly,N,National,CPI,Consumer price index,PA,Percent per annum,_T,Total,N,Neither seasonally adjusted nor calendar adjusted,GY,"Growth rate, over 1 year",2025-07,,2.37,,A,Normal value,0,Units,,,,,1,One
DATAFLOW,OECD.SDD.TPS:DSD_G20_PRICES@DF_G20_PRICES(1.0),"G20 - Consumer price indices, all items",I,IDN,Indonesia,M,Monthly,N,National,CPI,Consumer price index,PA,Percent per annum,_T,Total,N,Neither seasonally adjusted nor calendar adjusted,GY,"Growth rate, over 1 year",2025-08,,2.31,,A,Normal value,0,Units,,,,,1,One
DATAFLOW,OECD.SDD.TPS:DSD_G20_PRICES@DF_G20_PRICES(1.0),"G20 - Consumer price indices, all items",I,IDN,Indonesia,M,Monthly,N,National,CPI,Consumer price index,PA,Percent per annum,_T,Total,N,Neither seasonally adjusted nor calendar adjusted,GY,"Growth rate, over 1 year",2025-09,,2.65,,A,Normal value,0,Units,,,,,1,One
DATAFLOW,OECD.SDD.TPS:DSD_G20_PRICES@DF_G20_PRICES(1.0),"G20 - Consumer price indices, all items",I,SAU,Saudi Arabia,M,Monthly,N,National,CPI,Consumer price index,PA,Percent per annum,_T,Total,N,Neither seasonally adjusted nor calendar adjusted,GY,"Growth rate, over 1 year",2024-09,,1.695224,,A,Normal value,0,Units,,,,,1,One
DATAFLOW,OECD.SDD.TPS:DSD_G20_PRICES@DF_G20_PRICES(1.0),"G20 - Consumer price indices, all items",I,SAU,Saudi Arabia,M,Monthly,N,National,CPI,Consumer price index,PA,Percent per annum,_T,Total,N,Neither seasonally adjusted nor calendar adjusted,GY,"Growth rate, over 1 year",2024-10,,1.884216,,A,Normal value,0,Units,,,,,1,One
DATAFLOW,OECD.SDD.TPS:DSD_G20_PRICES@DF_G20_PRICES(1.0),"G20 - Consumer price indices, all items",I,SAU,Saudi Arabia,M,Monthly,N,National,CPI,Consumer price index,PA,Percent per annum,_T,Total,N,Neither seasonally adjusted nor calendar adjusted,GY,"Growth rate, over 1 year",2024-11,,1.980738,,A,Normal value,0,Units,,,,,1,One
DATAFLOW,OECD.SDD.TPS:DSD_G20_PRICES@DF_G20_PRICES(1.0),"G20 - Consumer price indices, all items",I,SAU,Saudi Arabia,M,Monthly,N,National,CPI,Consumer price index,PA,Percent per annum,_T,Total,N,Neither seasonally adjusted nor calendar adjusted,GY,"Growth rate, over 1 year",2024-12,,1.933727,,A,Normal value,0,Units,,,,,1,One
DATAFLOW,OECD.SDD.TPS:DSD_G20_PRICES@DF_G20_PRICES(1.0),"G20 - Consumer price indices, all items",I,SAU,Saudi Arabia,M,Monthly,N,National,CPI,Consumer price index,PA,Percent per annum,_T,Total,N,Neither seasonally adjusted nor calendar adjusted,GY,"Growth rate, over 1 year",2025-01,,1.973922,,A,Normal value,0,Units,,,,,1,One
DATAFLOW,OECD.SDD.TPS:DSD_G20_PRICES@DF_G20_PRICES(1.0),"G20 - Consumer price indices, all items",I,SAU,Saudi Arabia,M,Monthly,N,National,CPI,Consumer price index,PA,Percent per annum,_T,Total,N,Neither seasonally adjusted nor calendar adjusted,GY,"Growth rate, over 1 year",2025-02,,1.961316,,A,Normal value,0,Units,,,,,1,One
DATAFLOW,OECD.SDD.TPS:DSD_G20_PRICES@DF_G20_PRICES(1.0),"G20 - Consumer price indices, all items",I,SAU,Saudi Arabia,M,Monthly,N,National,CPI,Consumer price index,PA,Percent per annum,_T,Total,N,Neither seasonally adjusted nor calendar adjusted,GY,"Growth rate, over 1 year",2025-04,,2.317612,,A,Normal value,0,Units,,,,,1,One
DATAFLOW,OECD.SDD.TPS:DSD_G20_PRICES@DF_G20_PRICES(1.0),"G20 - Consumer price indices, all items",I,SAU,Saudi Arabia,M,Monthly,N,National,CPI,Consumer price index,PA,Percent per annum,_T,Total,N,Neither seasonally adjusted nor calendar adjusted,GY,"Growth rate, over 1 year",2025-05,,2.223823,,A,Normal value,0,Units,,,,,1,One
DATAFLOW,OECD.SDD.TPS:DSD_G20_PRICES@DF_G20_PRICES(1.0),"G20 - Consumer price indices, all items",I,SAU,Saudi Arabia,M,Monthly,N,National,CPI,Consumer price index,PA,Percent per annum,_T,Total,N,Neither seasonally adjusted nor calendar adjusted,GY,"Growth rate, over 1 year",2025-06,,2.265779,,A,Normal value,0,Units,,,,,1,One
DATAFLOW,OECD.SDD.TPS:DSD_G20_PRICES@DF_G20_PRICES(1.0),"G20 - Consumer price indices, all items",I,SAU,Saudi Arabia,M,Monthly,N,National,CPI,Consumer price index,PA,Percent per annum,_T,Total,N,Neither seasonally adjusted nor calendar adjusted,GY,"Growth rate, over 1 year",2025-07,,2.137213,,A,Normal value,0,Units,,,,,1,One
